,Topic_0,Topic_1,Topic_2,Topic_3,Topic_4,Topic_5,Topic_6,Topic_7,Topic_8,Topic_9,Topic_10,Topic_11,Topic_12,Topic_13,Topic_14,Topic_15,Topic_16,Topic_17,Topic_18,Topic_19,Topic_20,Topic_21,Topic_22,Topic_23,Topic_24,Topic_25,Topic_26,Topic_27,Topic_28,Topic_29
2003-02-01,0.030950019192036,0.0319397119847938,0.033353201768130336,0.03483592772155727,0.035255340624754446,0.03223189225915922,0.029029736630276803,0.04726452125885754,0.03737775550967236,0.03002778386970589,0.0356192558550985,0.05707359120010509,0.03968419840200505,0.02852726086692184,0.02914993059992312,0.037146320987339006,0.025465827014878255,0.0297477838493576,0.028854043566869624,0.03973925721002828,0.02971340175504463,0.02973255997122086,0.02531571719035028,0.03382048416250479,0.03657895053113136,0.04173303736681375,0.028555255707934362,0.024678955631279344,0.02662647042782345,0.02997184822361472
2003-03-01,0.027926423953331763,0.030053892311336424,0.0386457412092483,0.03233644046592592,0.03581480001362387,0.03274342184929924,0.030038409307889653,0.045178990975870824,0.03882022727870741,0.030314479070292805,0.03567944973047573,0.05553067916664244,0.04006194404156387,0.029218916390265533,0.028980578512952965,0.035488059449586405,0.024103694269360973,0.029360237207943677,0.02940055204282243,0.042520015967600105,0.030612413993311608,0.03226398456487194,0.026319554797410036,0.03311016334790312,0.03700202112253203,0.03727829931812381,0.02871066519130434,0.025668032171695773,0.025957377345915796,0.03086057417327175
2003-04-01,0.027876428562620834,0.029678562589641858,0.032202964860941666,0.03320809710011255,0.03586446358203287,0.033530986235260116,0.027434325755470463,0.046581159152702376,0.03672508323124575,0.030867312501165256,0.03604991403722046,0.056187138177541174,0.03948917599855007,0.029073505755803943,0.02907828794548969,0.035659583048536884,0.025047225456326403,0.031051084031334882,0.029989825908923233,0.041885541155421424,0.031119942925675024,0.031219606349143048,0.02590701686622295,0.03512940478554355,0.037808455753362565,0.03866179270229878,0.02801641752817307,0.026911744779811456,0.02722985871897,0.030515129654748414
2003-05-01,0.027926879183097143,0.03071472402673682,0.032634414632905555,0.03318927483378462,0.036184778403252675,0.03388497795226179,0.027552510494551707,0.048383177732540854,0.03809176704707039,0.029351739786451198,0.035341697871792144,0.056510204077873084,0.038762423205916385,0.027514395405758004,0.02867617632449721,0.03490907387104416,0.024732531292140158,0.029546581380299794,0.03014754689181991,0.041057720527275264,0.031148121221557756,0.03323645232535537,0.025069241228019012,0.03422534696983092,0.0379885835513405,0.039413087452181264,0.029063976895058876,0.02649459970311893,0.02749091137714648,0.03075712021809362
2003-06-01,0.029013718131447097,0.03082158990771405,0.03173016986800572,0.034306780699161495,0.037022185078072145,0.03307093200756644,0.028261156259160376,0.04498335820253794,0.03787092834809696,0.02996723484770379,0.036589354977717294,0.05663920921152308,0.03965950871956013,0.028134291542513755,0.02835043417665552,0.034462565849683394,0.023742313202226337,0.029168620673611437,0.0300845199235528,0.040007650564852344,0.031193604891379522,0.032481605773941366,0.02618290360411174,0.03436844472841175,0.037399647875990996,0.04160518521983664,0.028375759697174364,0.026460177453103886,0.027622670359061862,0.030423515258058132
2003-07-01,0.02941293611672981,0.03190617931650223,0.031694272230826694,0.03473035807432829,0.03631339993923444,0.032922866411770564,0.027315718508672704,0.04453353072938256,0.03790067837020235,0.02849852948862598,0.03583345936896203,0.05718058011939121,0.039564498279710446,0.02777975029172483,0.0296294314675119,0.03453177330094883,0.024788098314134182,0.02979367741188185,0.030927135822986705,0.040214117713054956,0.03167897940675608,0.03126079687830075,0.02565596659426548,0.0335909026575423,0.038640553942329604,0.04055474474367547,0.02857991509500327,0.027190846192015537,0.02730080860636149,0.03007553129168449
2003-08-01,0.02832226867969306,0.030948244966414584,0.030160152666573473,0.035305400002096095,0.03662644150802457,0.03245387524114095,0.028445841120367545,0.043839925373649086,0.03697835873157715,0.029796960009821245,0.033515403642350755,0.05764409516240147,0.03967526652904923,0.027541722982876275,0.030339452151425535,0.03468470720363922,0.024719286879631583,0.0298863419221578,0.029672408975720377,0.04142400666183182,0.03217691557139022,0.033328509983921534,0.025452780389736404,0.034492900213451604,0.03830924313457673,0.04054823638409298,0.029489328842044762,0.027361680008379824,0.026926347962762994,0.02993393455180352
2003-09-01,0.027419886418318454,0.030915316800771867,0.03214210875759743,0.03450012021962783,0.03686833185819934,0.03499159760476562,0.029291668019021465,0.0432141819452127,0.03883448434923457,0.030473018255665237,0.03488657473194196,0.056589510860814624,0.038329548111874355,0.02836500844943707,0.029947702780410597,0.03528457093913721,0.024273307271435705,0.029279891130744085,0.030203111495261323,0.039571225104776966,0.03231368349188913,0.030845171854391132,0.024904270676659956,0.035551449016521186,0.038326702494180624,0.040281733612159955,0.029127496697346694,0.026502164648303583,0.02561883454574655,0.031147368296929826
2003-10-01,0.027702449538631217,0.030879616005632434,0.031993951091628094,0.0352674700486609,0.0383167454142041,0.03465608795119546,0.027924404422961183,0.04363127224792103,0.03906068405210995,0.030112735106022286,0.03328327763310167,0.055510373914822664,0.039801307148479376,0.02914173796374343,0.028589730229760597,0.0354219515096237,0.025978735007405523,0.02896014654785327,0.029153362176544507,0.0379916254691294,0.033906516025622585,0.031997987392145905,0.024623132025821302,0.0342180544050892,0.03843253034131139,0.040909440080779506,0.028570150973732073,0.025151575195356622,0.02809892203469675,0.030714068162331493
2003-11-01,0.02824286135939959,0.03148200178482689,0.032841819092746145,0.03358594686718538,0.038346950901955015,0.03568859165363148,0.028166734963111454,0.04404122346525872,0.04014331977025152,0.03029416525265816,0.03548816934953954,0.05617192377046212,0.03860128736911096,0.028420597163663866,0.02824745992793159,0.03386476983283138,0.02434947334407372,0.02927194905065025,0.028498933163610622,0.040931345735608256,0.031063020362735127,0.03224914308296227,0.02533778298833422,0.034708858151109495,0.036547849085909266,0.04013696539252762,0.03160725101013851,0.025971913881302454,0.026121312856244982,0.029576420633804307
2003-12-01,0.027810393862115573,0.030282134306717803,0.03266284971537114,0.03350356620367211,0.036291438432387475,0.030806498163203907,0.026584791222454756,0.044517558683331994,0.04005158111242908,0.030675914771416533,0.03470391340116705,0.06080067801758387,0.039306097654269616,0.029316798513740697,0.028617657863343693,0.036657462809489484,0.025458230073611296,0.02959137785709849,0.03023414129059653,0.04274137086713782,0.029842968023075768,0.03111031558606364,0.02519346070595938,0.033651458764576724,0.03805421417258998,0.0403344009861577,0.027853586655874,0.026651645641690782,0.02704327152553655,0.02965026406233163
2004-01-01,0.02855832052383982,0.02851596634741307,0.030651674010602682,0.032132965678321676,0.0366776408115523,0.03271079649009838,0.028684295905658658,0.04519800793440933,0.03757442377720929,0.030175451972462877,0.03618100910122019,0.05814176174195714,0.042060144074383965,0.029265346311368793,0.0288931083898581,0.03462886112028893,0.025460835594396332,0.029392471918892778,0.029800729297023956,0.041293990236593144,0.03178480134764807,0.03296815174206096,0.026491610657388195,0.03407951450607023,0.03839136487582225,0.0383039833871197,0.02836346313799994,0.027094852006917452,0.026284833290393675,0.030239664297793237
2004-02-01,0.029099056897200153,0.030526443380587926,0.03069757182775694,0.033199646772093284,0.03622491159097955,0.03302327062908398,0.0283991298419893,0.04385498185891493,0.037399912733322896,0.02944577479531185,0.03398121695877852,0.056293574022153174,0.04049368063043921,0.03004142580215663,0.02920492245401151,0.03714933700451883,0.024998816216274585,0.03139415966067511,0.03158442182983167,0.0385260647663575,0.03165284741661573,0.03099222671275127,0.025148677101924827,0.03483394281725881,0.03924691623591656,0.04032845348436523,0.027914560503145405,0.02649755967344805,0.027291881102922036,0.030554655622713315
2004-03-01,0.029449370372903017,0.03117679188983063,0.030678961088476075,0.03399634503255848,0.0365342727383897,0.033209151533411405,0.027827985112346614,0.045749703254132704,0.0385134544169437,0.029719174900537375,0.03533234922836606,0.056670555505927915,0.04034179733287975,0.02884786704279164,0.029911909307517245,0.034549252599760626,0.024412671624560595,0.03028655398188716,0.03108062296292707,0.038662711910495765,0.03225344150990495,0.0320960930206484,0.025771894460143746,0.034116050896978896,0.038071254276591214,0.041137260315001305,0.0287252615804017,0.025229928017726475,0.025673072979820716,0.02997428072657112
2004-04-01,0.02877046252244262,0.03157446546236071,0.0314360935733033,0.03426140948518677,0.035019212133201486,0.03144107788142831,0.02787226639069117,0.04454734049360352,0.036667699477871324,0.030527636595164324,0.03483337663193626,0.05956303685113013,0.03992912091899864,0.029993093256217372,0.02962439859322596,0.037184736348296464,0.023951018930555183,0.0306746796383008,0.030715947937391345,0.03960100371576626,0.031721176051996536,0.032263446593920546,0.024759991582447346,0.034411927601984964,0.03745758897190021,0.03896033439167597,0.028836831491335924,0.02735200355198076,0.026705625557049556,0.02934303558684481
2004-05-01,0.0287098895699123,0.030512166337244958,0.0307506726825252,0.033956436370146836,0.03487363279116829,0.0317815609684511,0.0276242307765558,0.046129719335354466,0.03766132343588348,0.029269606514596324,0.036248288343801414,0.056779623938376086,0.041129276640389935,0.02871501916090541,0.029393912809625996,0.03516522147869433,0.024047334485297323,0.03147623726141905,0.03072276720956224,0.041003666658246674,0.030913334264267366,0.03152985195886811,0.025456004668777038,0.034821954935659795,0.03999542558186361,0.039098430680856174,0.02811662630780692,0.025970491205410413,0.02694850601541138,0.031198828487318045
2004-06-01,0.028930200793625464,0.030539509478375942,0.03087725416075146,0.03496332613245565,0.03733173563676946,0.031940648578721115,0.02808129360336618,0.046883338254474584,0.037799219362831864,0.028587807474273256,0.03340164894490978,0.059357487888611414,0.04137567116940065,0.027510954545979394,0.02885704881786455,0.03506911743460182,0.023922346566920688,0.029364454704666258,0.029471491702990765,0.040675526632350995,0.031215081142452757,0.03257947671390391,0.024730012167293824,0.03550417536179315,0.039321993584041245,0.04028916111248002,0.029042851960837338,0.026047980361644813,0.02715352650641578,0.02917569825648929
2004-07-01,0.029922495345667318,0.030428969878530637,0.03220241635565726,0.0334475327586767,0.03509980356673754,0.03245383716422149,0.027352317745886878,0.04501191359113314,0.0380517273289228,0.03129491587815652,0.033308104616478484,0.05767423337607563,0.039768635716676534,0.027434887671462883,0.02953283451267262,0.03553590053661855,0.026530035441898612,0.03146218656066382,0.02892284134346207,0.04071723052203699,0.03202279272809084,0.03259222164910092,0.02445071040329525,0.03431134101952457,0.037888970523460554,0.04098232021309558,0.028809438109893625,0.02639990616698871,0.026228560309154738,0.03016095765481053
2004-08-01,0.02978367190253338,0.03099904692198313,0.030834275099190425,0.03389034766735047,0.03599928992312001,0.03284230156698642,0.028098361517402512,0.04625344336392857,0.039915636389851294,0.030395100954113977,0.03475539390245033,0.05682184183093232,0.04054108183895694,0.028851188958784454,0.030539919233360743,0.03606013921182646,0.024716548366541177,0.029537356419745055,0.030037829001499587,0.03940202028460122,0.032683345477647265,0.03171339575103041,0.0250635789932658,0.03413689792909136,0.03782202749597886,0.03945863413507021,0.028499904727759436,0.024646827474505757,0.026859408826224142,0.02884122447968939
2004-09-01,0.030331528201748986,0.028416049025312702,0.03203241311185204,0.0351176593052939,0.03683443474623972,0.032018473687457874,0.02876081505346289,0.045863418227012856,0.03805211031974897,0.028534039222220434,0.03130858477004843,0.05620921862343699,0.04135828367819372,0.028246985109729828,0.02997504694786751,0.035584354275385185,0.0245235260080622,0.029348277849635042,0.02990616345754199,0.039192314754776886,0.03198872676800446,0.034639501833088664,0.024757558159050713,0.03525018961865843,0.038399147384612094,0.041592235113018315,0.02986630148855399,0.02588891239488383,0.025788264323122215,0.03021550631134983
2004-10-01,0.02948769458470483,0.02876986824228414,0.03297746907648805,0.03429469924884241,0.03633442943945271,0.03197213815680908,0.027402425836248512,0.047466206334787375,0.036892173921668464,0.0295938827969646,0.03430218065033808,0.05746249849671068,0.0402842751896207,0.027218809917166593,0.02860112131391058,0.03639362295609403,0.025421061107097225,0.030164319709477663,0.029366707099510527,0.03906786904848191,0.030796117472763358,0.03205077943449959,0.026114652229236625,0.0331193521958625,0.03972072317911299,0.04164300478443316,0.029905966298700227,0.026912113717804564,0.02636466871039734,0.029899208041791903
2004-11-01,0.02780438978464561,0.028447273479313424,0.034402291789063975,0.03443164476133596,0.037860149133746836,0.03235855254605173,0.02581267322105179,0.045379788196463,0.039833960074697805,0.028923361987726003,0.03465252259755178,0.05604699661152683,0.039350982275237464,0.027769953283777765,0.02933049541538719,0.03631027454833748,0.026392875396469877,0.029714198489418895,0.031038005173152427,0.03993722105284979,0.03182319205979011,0.03244512380112765,0.025005185635688557,0.034702371168654066,0.038174337729919475,0.04175972824143635,0.027681744322360424,0.02614825270617818,0.02811075595246442,0.028351739388845644
2004-12-01,0.029144757365488147,0.029072543052014652,0.03310921652768135,0.03214120977262489,0.03574318753575744,0.03236352976717451,0.026895845484258902,0.04393528873836836,0.03770079646145329,0.029175001041531028,0.033758516047035676,0.06121518632738094,0.03988261161820223,0.02850855505098772,0.026794327397487328,0.038675263457428735,0.026194442233444033,0.030018178756912938,0.03332764515161215,0.04001153395884675,0.031503153346361494,0.030298994018112417,0.024942091102335164,0.03673526668098684,0.03778944662166348,0.03955939339150228,0.0278149300612859,0.027593199756379125,0.02709751951343835,0.02899840949501706
2005-01-01,0.02741774732477381,0.029118161454180797,0.029638230763809642,0.031945733798532126,0.03475964954046513,0.03179473478745503,0.02910087434477185,0.04797972443274019,0.0367785545820407,0.02932099219114615,0.03604933498958932,0.0593898347679775,0.038584215374934804,0.02887828681028871,0.028278046647383735,0.040376437406588514,0.02442947592145673,0.03088408306954805,0.029739715158786584,0.040532939741632405,0.031532953516060724,0.031249282006822095,0.02492495573381221,0.0440532025956583,0.03716654633569074,0.03792963799650187,0.028918214056462423,0.025208703676431764,0.02592340096103497,0.028096370316040887
2005-02-01,0.029094416899757454,0.027984651115438578,0.031666554071293374,0.035576402656461455,0.0359942649681419,0.032016274585127256,0.028437098540934125,0.0455875225163032,0.03696338425133623,0.02880672912929837,0.03486029817817638,0.058057051787905274,0.039995369233419426,0.029489209000271042,0.02964798061712795,0.034800389893365966,0.02636451689204264,0.030411315530972018,0.029407048789192848,0.03814643527582441,0.03228449643497251,0.03317093715461662,0.025345980194931797,0.03526345963098798,0.038356375142911174,0.04186038867672823,0.027248354390863132,0.02631700805770751,0.0260313812601436,0.030814745514531144
2005-03-01,0.028121058623285886,0.030917628572759186,0.030629457388804092,0.034936793960328213,0.035360637888571786,0.03174104709727724,0.027326866006351046,0.04458143886067027,0.038548943686491054,0.02807467353102177,0.03279166906266112,0.06135032383186643,0.039042611487357534,0.02816650954735927,0.02887138333961346,0.03452393209509757,0.02585272360971435,0.03175559093178462,0.031124442379471852,0.03922207629680153,0.031080087114142906,0.03226760945785998,0.02496668986355165,0.03692161468027768,0.04075874555084266,0.04090992879802933,0.027829989920637982,0.026322930031949264,0.02627075593405081,0.02973188059868427
2005-04-01,0.028445837030454075,0.03050907072591085,0.031109540137434864,0.0356743658310513,0.036469678181934626,0.031274247912305056,0.027613574004327658,0.04679008932465357,0.037750702674509154,0.02904096273700547,0.03139259718461908,0.05794216957668295,0.04209907477218423,0.02708534890401468,0.029384489677726985,0.03582714794570003,0.025670875588403377,0.029974112805082477,0.029815887858125643,0.03904919956140175,0.031605848611149935,0.032013424789705446,0.025233997588014267,0.037316120272045394,0.03937638144062919,0.0413327368833298,0.02756514153566094,0.026248150180182082,0.027171458995364346,0.029217805892262475
2005-05-01,0.028720251308283633,0.031029832863226026,0.033212295011045764,0.035447670870939134,0.03547221061405641,0.03173488491994232,0.02710575606520579,0.04846778657178226,0.03831600528711826,0.029158906017740568,0.03355555427249636,0.05607352863705215,0.039263002011373414,0.02797815648769563,0.028294966179178475,0.03532979526894015,0.025570394847061268,0.029861780139967882,0.02991077632968471,0.038955793134360824,0.03126001537424274,0.034017321475215925,0.025120933859823648,0.03639655032800548,0.038577255869161865,0.0420566910484058,0.027729208705768355,0.02608746914952545,0.025565701382719894,0.02972954561814418
2005-06-01,0.02941907192698727,0.03067123796206702,0.03261415517986918,0.03421346001742224,0.037462070115340765,0.03381592873828387,0.027533148589728825,0.04760092174863199,0.03957728530187729,0.02934245271284712,0.03509640688721861,0.0547351100544654,0.04087620048420357,0.028227737516730342,0.028176422081120856,0.034979126125876066,0.026078732336169464,0.02895210266122867,0.02947809402619711,0.03815428336157235,0.03131872067592221,0.034306435616781004,0.02475596879120352,0.035570302641156425,0.03851075435534177,0.04132377584792863,0.026929709609974165,0.025927616725443605,0.02527453745039819,0.029078271349334245
2005-07-01,0.029296839608077198,0.030449876735977103,0.031075117202781718,0.03461202456757085,0.03675560970007695,0.033532869371522125,0.02780682716292205,0.04518167496026628,0.03910278291383226,0.0297556407151778,0.03400643901436596,0.05803480400954652,0.03881544954018289,0.02768308302627048,0.029486195775354062,0.034121545922424654,0.026039399297908855,0.029505802916025954,0.03068499144711001,0.041186768703729365,0.030817260888056863,0.034522365884788485,0.02539867056282738,0.03365527690785887,0.03856423152642445,0.04102701441863606,0.027767656265499,0.02599216431837033,0.026382040606735054,0.028739615865554263
2005-08-01,0.027635981308466187,0.030427020413704885,0.030982359390243304,0.03754403199936204,0.03773157719187666,0.03258800168093829,0.02820577819980336,0.04492133420900392,0.03866443166509563,0.028551118443406482,0.03300901764635131,0.05789726836134109,0.0395356562154362,0.02745684414775728,0.029555828915740823,0.03338056979161513,0.025010892906328692,0.02868352973053948,0.02857512075835823,0.038481504653012276,0.033012531359486015,0.03278217845590672,0.024957817038186416,0.035780924584630606,0.04093911222019514,0.042326768932142225,0.02808123265614251,0.027193662308634795,0.025601180083786576,0.030486764510258217
2005-09-01,0.028643921623832183,0.029778407783901593,0.031117426437706517,0.0354550885435358,0.0380245348016215,0.03307013983236923,0.03135884623100055,0.046225502300563284,0.03938528413323609,0.02911184171791341,0.033558222558697844,0.056606833136540344,0.04054138872863966,0.026876021947603225,0.02947173983344091,0.034389018335208306,0.024627953095078876,0.029586617333676023,0.02920504946704655,0.03859209689084875,0.03259647989893165,0.0318458437191164,0.025145818573142895,0.03665224635649041,0.03878344810180389,0.04043181506516595,0.027996449817801677,0.027392922094743564,0.025764484622241356,0.027764597704035006
2005-10-01,0.028193037071783972,0.02962912948469564,0.03136470216128658,0.039186965800396316,0.0384586578373185,0.03471342940433645,0.029876335334365324,0.04548617590660144,0.04088986335349158,0.029887946881598376,0.03257473706658092,0.05409625014348288,0.039089905044133004,0.02723721032616816,0.028600424897044282,0.03562863473283768,0.02500838034306104,0.0298027960610465,0.030813695006298703,0.03885569392795475,0.03129628231757497,0.0318780656311628,0.024142509429037944,0.0352708154607382,0.03817292391455512,0.041155048372168344,0.0278864992914821,0.025394402388886746,0.026687442430964124,0.028722081150771565
2005-11-01,0.028448700315229728,0.029729193812380955,0.032787237820484545,0.0354756899078502,0.040488680855701606,0.03494962531599154,0.028534699150558965,0.04432411569229766,0.04044367684883191,0.029342857811061926,0.03263692383746703,0.057347776184287984,0.040452402649499196,0.028341037155354607,0.026707306332944124,0.03540141038009125,0.025895392786261476,0.02818708157998032,0.03008890586634953,0.03804863871580685,0.03092363859038834,0.03369715780446817,0.025281166827301325,0.03317118998948084,0.038940249738516286,0.041282544394477316,0.027755161840528963,0.0262584558931189,0.0255203500451578,0.02953877225243776
2005-12-01,0.028017632930349885,0.03015971120865687,0.031853633524584195,0.03517060098186184,0.03723185811333524,0.03286750196485834,0.02864394089815323,0.04306133744754327,0.03987550896871883,0.028543403239901177,0.03455996899106433,0.058199915225941604,0.03914489010376171,0.028810407426083207,0.02774679738458103,0.036814190229129407,0.025668907179347278,0.029120690897453425,0.030293577652886948,0.04164097301102758,0.03164854473765458,0.03119311685758704,0.02450899839886065,0.0361654233188399,0.039052961357636896,0.039799639739366795,0.027726864792858033,0.02784706453779444,0.026092781585090173,0.02853919702001207
2006-01-01,0.02832860515039991,0.03018288041740784,0.03110947114095392,0.03522593886556135,0.03631169731799758,0.03441913962977904,0.029025039032191412,0.04382551259420549,0.038294485896843006,0.028963567905980304,0.036933681635218665,0.05808879558049873,0.04045783510611824,0.02893898956730996,0.029616045167552202,0.03802262627731513,0.025919947411173806,0.02879533143950821,0.02897409549657564,0.04056485143150998,0.030751474335274365,0.03079661696665936,0.02508402600596647,0.03589416208691445,0.0385282448220527,0.038722026456250745,0.02944635930918489,0.025483056361740593,0.0250852095982759,0.028210327959013442
2006-02-01,0.02849380422036308,0.031285202400136644,0.031689474306132205,0.034103785671933354,0.037738548751804046,0.036737028730333375,0.029340649257820827,0.044291193163472006,0.03870538686386754,0.02791542136267593,0.03316497743472955,0.06037288219012299,0.040268374538723506,0.02681455523211873,0.027396290323693017,0.03378738238373852,0.024047382130092224,0.02914001182392079,0.03062798747767416,0.03905658670597383,0.03323465999116822,0.03277580568686679,0.02477860873268687,0.03517383145537741,0.03869225583878887,0.04054602226071814,0.02862340307241873,0.026096497877466162,0.0258281190386885,0.029273913523427147
2006-03-01,0.02891253334873714,0.029557993540406273,0.03160619461098843,0.03308521032498816,0.03723874684796878,0.03698972697636458,0.028750362862072668,0.047124307217564186,0.0387916630034151,0.028825535725767956,0.034781451669776926,0.05735731778172905,0.037803821430140806,0.028393481696483782,0.0284027284412013,0.036258682228231184,0.025188333357885413,0.031762233662888245,0.029838223956742113,0.037873100907403465,0.03206143012843672,0.032018816334039975,0.024739138718272286,0.034567983169679115,0.038382810514682696,0.04039803180461364,0.028502166918856854,0.02614565732764796,0.025869832075932627,0.02877252441952162
2006-04-01,0.029586249365179246,0.03161645681902028,0.031206640637542634,0.03483775246923896,0.036996889321594006,0.035035258619710914,0.027915142469744518,0.045809948044200424,0.036980356344589016,0.028738127191773995,0.03380068823247032,0.05525025241114979,0.039889786145555564,0.029365950588898196,0.02777646947747183,0.035039070145694025,0.024925454728551285,0.031670825303162474,0.029173734421644188,0.03797076791838656,0.03185350028837601,0.032282069123874456,0.025657992333177556,0.03556395941983635,0.03936452305624862,0.04049783773699347,0.02816267901632516,0.02813919257627436,0.026685397170473923,0.028207066425473964
2006-05-01,0.028172127335999476,0.030958006235191706,0.031022951296406403,0.0338037880292712,0.03919360404012857,0.033268793385852216,0.028079233682869124,0.04826243756711597,0.03841200049046496,0.028779565317670987,0.03397896564414008,0.055260951302110936,0.03854600667706391,0.028505581007063636,0.029644677410081276,0.03323380165935091,0.02559789276368553,0.027849807943587965,0.02961291534871423,0.038492608849308226,0.03090673429917373,0.033539950752258754,0.025175837009784215,0.03493707016524342,0.03885642513655548,0.041975814613425255,0.027171058606327344,0.030041965560757857,0.026228242960717088,0.030491220338938207
2006-06-01,0.029257349105980008,0.02998013361967423,0.03180187030291197,0.034416530426744314,0.038941392405135125,0.03435189810094345,0.0286656113469087,0.046833222161658035,0.03961807757054202,0.0290805226153859,0.033389905067521305,0.056815617758084906,0.03927044150981224,0.02803025224300247,0.028616437156651957,0.03300758488443085,0.02505411070217972,0.02789490551306226,0.030220807399935677,0.03831347424287102,0.03129718040001319,0.03209096464970723,0.025869309695046194,0.03520411910483468,0.03862167320446703,0.041049771891807585,0.02711575312599378,0.03049645790742448,0.025486622465252105,0.02920804276975515
2006-07-01,0.02994193184892718,0.029107538323545106,0.03306861761863586,0.03335305151916476,0.036847652738578776,0.033023929199816324,0.028500988787310142,0.04541511808834441,0.03620206598015366,0.028149604851896888,0.036270007349940084,0.05708169410356748,0.03880160747457447,0.02948326108132514,0.029568238150578782,0.033649584707403375,0.02530927214124729,0.02709827914804117,0.030693300863073817,0.03800597244381961,0.03228487395287832,0.031581478572645406,0.024701144096221525,0.03649713270856994,0.03755353370251293,0.04202348064539162,0.029265274764879348,0.029754201481674396,0.025742214945637953,0.031024984800776177
2006-08-01,0.0299806947936606,0.028565712585883765,0.03213665622067991,0.03466318259599977,0.038115473097630116,0.032297897982703806,0.0277984899340345,0.0451985528842445,0.03715817624902933,0.030229939138020627,0.03348405962905739,0.05646048363544407,0.03929234388945595,0.02868628138959194,0.028693895878981378,0.03464606656007545,0.024962334419523755,0.029210615895746538,0.030127271984828518,0.03907470155190014,0.03290772760379903,0.03339628362949978,0.024483417967452955,0.03533765711097854,0.04048426463728601,0.03988065189064809,0.028080765493305116,0.02766508349136298,0.02715151323569383,0.029829840812422112
2006-09-01,0.0271534888250774,0.02971637253520799,0.0320986511359186,0.034415201414500794,0.03986746037404358,0.03447885347443239,0.029990661698433476,0.04626734560301683,0.03524813497031222,0.031124536208465132,0.03583460590945072,0.05626823756965733,0.037941779439406506,0.027188406443660756,0.03138656495745679,0.03579695419798134,0.02476100270314693,0.029021232642829985,0.02970490448116489,0.04045920541926077,0.03292805004733534,0.032108744648695085,0.02466564459153867,0.035936116445413044,0.03866466142717793,0.03931658627381912,0.027413415276863612,0.027677990960192217,0.024199046428049882,0.028366181654083205
2006-10-01,0.028948870897492172,0.028431055353146915,0.034470421602699405,0.03222647708148242,0.03528742215663951,0.0349454028428014,0.02619586534376344,0.04498931337035968,0.037733997266836655,0.031244493409077985,0.03989567031397042,0.05497773924099658,0.037621948927138237,0.02831212530545915,0.026427035506456375,0.03682692516246735,0.026424766268080963,0.02748673288375587,0.030200499554121782,0.04153546322953346,0.030590942205392126,0.032205948059284735,0.025815205773899834,0.034107395049941064,0.03913060262109947,0.04442497249630466,0.02789936182241571,0.027228260948151627,0.02614853529473574,0.028266587507716302
2006-11-01,0.028293436873122055,0.028926062072759384,0.033011951511921725,0.03430390972634042,0.03959803359097011,0.03401318178816121,0.028036375320889158,0.04627695982959915,0.03717946921935952,0.02962376519543938,0.03436170492825014,0.057475649689924926,0.038667720140622336,0.028983879156981446,0.027997248053766428,0.03388454108081143,0.026390847313738496,0.029053111185501097,0.029957097476240094,0.04067374259733217,0.029879614809282477,0.031044732454197536,0.024313694050355023,0.03415987449715735,0.038720225397818296,0.04532883732384206,0.030741518398526117,0.02499327087844207,0.025692695499737954,0.02841688751252601
2006-12-01,0.028401970954526592,0.02980186345607843,0.03245743872847017,0.031219547403706967,0.037204006834246496,0.03442771652487724,0.02863520114748778,0.044909968097474905,0.03528873320367339,0.028827993640541127,0.035306968927730026,0.05959007118516586,0.03839390079705451,0.02839206814231251,0.027284626477205535,0.03861496004259521,0.026064963376212003,0.028041499423543566,0.030470737221852628,0.04137428229160169,0.03365587199636118,0.031562223997916874,0.024282109350862106,0.03449162717299382,0.03858130466642333,0.04256926936823223,0.03150750761512456,0.02450142496490829,0.025526600642169408,0.02861357771976573
2007-01-01,0.028260753460101685,0.028034347050958832,0.03159860084150233,0.0337479162602389,0.037984263914195376,0.03527739490913468,0.02690500190490933,0.04338476505020789,0.03581626236713981,0.028948131534397115,0.03635461683086957,0.06195326031126415,0.03967061795490291,0.026993036459399024,0.02790355550303642,0.03859044049212752,0.0264776211734286,0.02771958250437394,0.030152257166717204,0.040220632924532214,0.03028568637216371,0.032786372863577835,0.024611044244514456,0.035197022277979204,0.03840089710379429,0.04340307584951415,0.029309048708064674,0.027947805432670836,0.024710473567235654,0.02735555438526097
2007-02-01,0.02856389566393086,0.03110640262696085,0.030934190838526394,0.03474791458774389,0.03763183431016806,0.034631397972446604,0.027214640892677958,0.044485628287716766,0.036727801310207815,0.02824193695337324,0.035030660400914924,0.05760912015275093,0.038733483500511985,0.02912057221600617,0.0293583646767653,0.03761272422323137,0.02547208934053048,0.029350937688872255,0.02944132128358272,0.0403720635742544,0.031519968845072,0.031061169033960813,0.023987404722447928,0.03446283208863719,0.03947187100577669,0.0435081192896006,0.027944483483670818,0.02709442230155927,0.025538966906866155,0.029023820135759736
2007-03-01,0.028537941044568093,0.030739202354382177,0.03033096232977798,0.03374560247499472,0.03770885111990494,0.035069690501196966,0.026583589442469528,0.04708436721886321,0.03585855205140909,0.028370562833386737,0.032737476670117276,0.06074038013946086,0.03842838850083216,0.028287238277497212,0.03070109562534681,0.034581063097205156,0.024953961925897397,0.03200748697196344,0.030338806652415288,0.042425486663465316,0.030304561702991433,0.03188919060711743,0.024833162201115064,0.0347206752051326,0.03948906454768411,0.042305566238120144,0.02825376527666806,0.025869335180123708,0.025263759739232613,0.027840251687964834
2007-04-01,0.028767916020642954,0.031043472794453904,0.03046075726465121,0.03343480441747469,0.03683070826231796,0.033358249430039656,0.026587642193335485,0.0474402623279256,0.03589475071452747,0.03019996247977381,0.032447079549072236,0.05913964378660063,0.03902010127610476,0.02866914410579586,0.029572068386677797,0.035778962871668,0.024570634907411043,0.0298198715562233,0.03027515297566333,0.04355512215489132,0.030827104284120888,0.03199446856297506,0.02464349801195507,0.03437907617053446,0.037662714270036333,0.043221120663637716,0.02866127293428914,0.02964082996436603,0.024160408715489946,0.02794323771575203
2007-05-01,0.029161550479880897,0.030117004854726636,0.03218031069496329,0.03355496324035684,0.036277311549542134,0.033184508476273876,0.025422427345296678,0.04964278586448943,0.03635589593680701,0.029193435978515866,0.032702528940222596,0.05921176667027159,0.038967814366238064,0.027881032475836114,0.029140819282067906,0.034709723335295525,0.025635631286867053,0.029790512450999878,0.030051209317752212,0.04002836489896922,0.030747695078568543,0.032052324686432224,0.026054224710168033,0.035278945230652156,0.03842970874188148,0.0443213884672918,0.027885593756450514,0.02813023623974732,0.025063322368884686,0.02882700065864744
2007-06-01,0.0296406674334119,0.030630793696678326,0.03157862856964979,0.033692072407734364,0.0373678557394831,0.03172853344357481,0.027028089767751232,0.046420753257075516,0.037010117557003966,0.028301870353533088,0.03285541766997018,0.06269643084711582,0.040328473192485476,0.026695980926618165,0.029261296802107276,0.03478494574465828,0.023513841594541545,0.028861187862897514,0.03115776040085673,0.040102642356579433,0.03070214354860911,0.03268886678988352,0.024566963793394344,0.03497958962608887,0.03962015000248896,0.043104387359643954,0.029892218293821514,0.02732601079596455,0.025533962956944326,0.027928383915398626
2007-07-01,0.02898663373014056,0.0290782963427702,0.03086585049999819,0.03430728378752343,0.038332260421151725,0.03422142323639422,0.02602728937354669,0.04419448179806636,0.03533740451389892,0.028785645181057477,0.03197212194846631,0.06220862966858065,0.040141461106039875,0.02963522447203003,0.03226377628205232,0.03427039568314951,0.024712523696195858,0.029354973694653626,0.03079847321179335,0.040542847258633836,0.030125463520293504,0.03338920965438983,0.02544241123566315,0.03443952454676481,0.0390170616907582,0.041124692009449924,0.027883222031611657,0.027546866347125862,0.025463280435336775,0.029531311792681276
2007-08-01,0.02861099801508285,0.032580974663346356,0.03272254916060476,0.034094510483147024,0.03545086805270277,0.03443970645543689,0.02945029894543583,0.04614438916807068,0.03618862521725745,0.028516397798945856,0.03113092611753518,0.058526806701355946,0.03896041509956775,0.02788854234522394,0.03235873226144444,0.03495850400925663,0.025306767511878665,0.031145712642723488,0.029406858509820367,0.040969385118741125,0.0315038435206046,0.0326485216053889,0.024919538274652472,0.033869370851769214,0.038509601693769255,0.0392830245018452,0.028093697645086034,0.027164332946484678,0.025906221419627295,0.029249918327819317
2007-09-01,0.026662636240050427,0.033170699688891414,0.03203596164899137,0.032885782199337986,0.035713831859211155,0.03657174338024375,0.03207227701332778,0.04526861026211304,0.0355684622554195,0.028630839604970888,0.03378881041736172,0.06066441127321115,0.03946315979054515,0.027967304308774765,0.031100869161183528,0.03462253283960139,0.026262485310608295,0.029295073044644928,0.028836951471847876,0.041100363965627766,0.03090015617487577,0.032456379138717524,0.025066142395750012,0.03404718988456824,0.038802498619248026,0.03943111903737689,0.02825068677227725,0.026202665814184137,0.024710527960724274,0.028449867574365423
2007-10-01,0.030953100353316155,0.03136134566403614,0.031234424871747733,0.03536744447882481,0.03637806098005053,0.03176245486734794,0.02807497429833542,0.049951931389204944,0.035292143853470945,0.027968631839043006,0.03378086047634723,0.05921413304440465,0.0388230661144515,0.028301244643085945,0.030405338307261106,0.035318709561576046,0.02527001047341551,0.029504998130941294,0.029667221056847784,0.04120780094589799,0.030453125847024056,0.032463879349195035,0.024623016474844227,0.033308866579712736,0.039187365391824054,0.040384744501783566,0.028465260531131523,0.025738201722391024,0.02566554954030644,0.029872133823835984
2007-11-01,0.027848236415636714,0.03131226841561587,0.030615164179207902,0.03293595713572889,0.035052601445782455,0.031699381928542096,0.027539086740608645,0.05177465373139176,0.03634541348437232,0.02907439666565985,0.03505207610416036,0.061105836273835736,0.03844624269631774,0.029639056763873368,0.031126899625481836,0.03464120380493506,0.025796977792319053,0.030380781494650372,0.028960644141495264,0.042483498177829766,0.02992878334055402,0.03240226111904188,0.024766241129682592,0.03434502657615477,0.037727896768583416,0.03911641739907354,0.029276264274321936,0.024552327441037018,0.0262209932021435,0.029833452090634996
2007-12-01,0.027228918610104416,0.030340323701769617,0.03089047438205549,0.03290358891721341,0.035054611016874626,0.030503942501727353,0.027147932527595734,0.044288343367363904,0.03664020030348161,0.030682555659493668,0.035218008288841945,0.06373655529614887,0.038808063273827915,0.02917872396280809,0.028776305171185755,0.03665385669200752,0.026313743089880715,0.030177120230806605,0.031231324162698054,0.04174085733865111,0.030563436291322344,0.03086649662194648,0.026814085040943018,0.034509189333855876,0.0396870850315487,0.03797186744921659,0.029619959157769993,0.026695237793605043,0.026648975919011803,0.029108256251577074
2008-01-01,0.027789310403833627,0.030538664150192282,0.03130388347534306,0.03321481775299951,0.03576943672619318,0.032299802332961446,0.027186916140739918,0.044856948717952365,0.03710491690800641,0.028657521431644756,0.035652328084204,0.06299665580817933,0.03962140127517127,0.027948826305889383,0.029563429103138604,0.03841184481240398,0.026955277653224603,0.029403387493274365,0.030965766687455397,0.03970201297574887,0.030447284690623293,0.032653658624555874,0.026449725571893328,0.03298471288346931,0.04038433205891221,0.038451385687061086,0.027594797636027846,0.026555170078635663,0.026236512166166643,0.02829930993087935
2008-02-01,0.02888924268010854,0.030105215810799325,0.0309616193383146,0.03308721159509746,0.036619921909674766,0.03318404046273096,0.026837940424781583,0.04513155901935004,0.0360372903180844,0.028232717521632436,0.03371213902242498,0.06020225824250811,0.03963435256338907,0.028386890455452018,0.02795709561732813,0.03497168598502383,0.02948679277801482,0.029313362535284042,0.03157850161500315,0.041421730081741215,0.031434303636112215,0.03233107424784919,0.025957357188541218,0.03379837478607559,0.038911229022974225,0.04185780779369595,0.027006812043513535,0.026738596492128983,0.026534863852441005,0.02967804739770004
2008-03-01,0.028248960113749277,0.029436811005814592,0.0308287929760897,0.03167723837535638,0.03518831433179545,0.03261298262261349,0.02725415750298689,0.043299464039377906,0.03450093046180901,0.029671344814206052,0.03286427201806562,0.06270142684115389,0.04061839324116129,0.029093351153773657,0.029046740428852594,0.036046728315295484,0.026000242157431495,0.029536432276636358,0.03219203449601378,0.04359193332171145,0.03176814381729048,0.03260688613391466,0.025931215934552884,0.033540714493477716,0.03951324121490096,0.040574388780094235,0.027440378719884473,0.028764905876277364,0.026468360715470495,0.028981248471633234
2008-04-01,0.028930821622076622,0.02924473970697393,0.030494622557503112,0.03249857816971964,0.03592654994528241,0.032038216560155146,0.028756249753483242,0.045403545426073055,0.03540149894199844,0.02952045988725329,0.03286074004975291,0.06138520832409182,0.040897004622177775,0.03026178215728749,0.028182757289495323,0.03433941245342534,0.025407225464242747,0.02923957255251924,0.031083020345247524,0.043105297731017886,0.03306950577602262,0.030305696045249464,0.025511791938422488,0.0358055144567434,0.039870165489238066,0.039917762300176546,0.0279023914654982,0.02691033596451857,0.026753250191985378,0.028976319075930564
2008-05-01,0.027214183432597034,0.029938879137596873,0.03063144370361874,0.03158573233373496,0.035982070238957366,0.032796539246378834,0.027129494790113545,0.04861180791409923,0.03663875575518793,0.027960728289461622,0.033315495190836354,0.060127357265627436,0.040079797950218175,0.028442821343652717,0.027804205227191667,0.03527187030433861,0.027585571009495154,0.029862999114598002,0.03219339120184545,0.04288826025691674,0.031139089311641187,0.03126683286335161,0.025050540266753706,0.03696049944043055,0.0383113384012287,0.040884198325417995,0.027911276619013214,0.02729212457783212,0.02588318048566055,0.02923955340217225
2008-06-01,0.02778612751950547,0.030367285301816916,0.03182963718697228,0.03201758229507191,0.035741307450508,0.03205633362726763,0.026402654968460646,0.04398214162210063,0.03504517281594018,0.028678866408903495,0.033418442176545174,0.06166187013830124,0.041440929898938134,0.030228114424754215,0.02904540839229774,0.03478681327186741,0.024979259070781242,0.030102348739753225,0.03167363985937792,0.044454978445069564,0.031161843650148874,0.031836939991359586,0.02692324161011923,0.03482846480357145,0.0403903589026477,0.040916923187269694,0.027197475780794497,0.027775479939738647,0.025548321085182752,0.02772207531508035
2008-07-01,0.027632213857789113,0.029604337471133276,0.03107592782915344,0.03319088467163528,0.03610919880912932,0.03127045682248928,0.02610687813874196,0.043420500195553866,0.035870517663613564,0.030023375664955568,0.032526481179088906,0.062285783356592066,0.04035001019882024,0.029947768595654227,0.02896052902752365,0.03394593565637533,0.025627867823004965,0.0297019117663332,0.03172461753107432,0.04381506683909116,0.03045029292103337,0.031208841092895297,0.02460511586363588,0.035403447058033,0.04131027240904702,0.042669549583582045,0.026696450898610138,0.029372887139631994,0.026668804727405442,0.02842411186943516
2008-08-01,0.02897398900324636,0.029993666451881625,0.030708928972291973,0.0319015439389812,0.035216096401677284,0.033120389720164956,0.026958280901515065,0.04497546771686977,0.040907116180584874,0.030093412994774988,0.03401806817223156,0.0602449583487803,0.03862625600010538,0.02883992214722926,0.030171750085601728,0.03533110713411216,0.024678663955405442,0.030622891499051404,0.031083968105016752,0.04432025919652123,0.030737272775940568,0.03059863761514902,0.02690439708498396,0.03415194108370863,0.03971140428745297,0.039204771522516,0.027451000552637467,0.02606271750780192,0.026058372654889805,0.028332784640537213
2008-09-01,0.026899896689514508,0.029965025494545675,0.03154461742682037,0.03410626508414224,0.03533547645088273,0.03476257986378482,0.028493667967988703,0.04779928111822209,0.03704030416669086,0.027990846307204977,0.03444681088663387,0.06250677412856087,0.03826736603016576,0.02866207179660683,0.03039279317373636,0.034300700056667854,0.024251165931720612,0.02886464715794639,0.03136049979908167,0.0414412903064036,0.030266910716780747,0.02970751893725383,0.0253624717355724,0.03535624682308686,0.03898435007192005,0.039531354021525945,0.029389871115351626,0.026421038436672983,0.026940668255001115,0.02960752788611139
2008-10-01,0.027574164068696533,0.03022222568748125,0.03243451655725114,0.03271159308620389,0.035795107797153586,0.03442528303902236,0.026693897350665352,0.04392298764263683,0.03726215374004069,0.02967419332547147,0.03299318120892581,0.0636176499590205,0.03832956251229184,0.03037276416899466,0.028760434282985806,0.0347230694123715,0.024931840768315224,0.029042291425725116,0.03178689378795273,0.03978087939188453,0.03023096291959427,0.0321025246304786,0.02433301492161239,0.03726585494134824,0.039949717939996104,0.04208713100532965,0.02835630500531035,0.025947349480264358,0.026648457883877222,0.028024030410251168
2008-11-01,0.02728265001429947,0.03032375542311819,0.030753376944344667,0.033678196222313966,0.036832443585882335,0.03596160683110695,0.02641738637131133,0.044247425870776944,0.03680156168519582,0.028625070322915044,0.03523454540291656,0.06541742081582415,0.03752065456564725,0.028817620626382927,0.028142029334159175,0.03384397106028859,0.02720986539125793,0.028556048503746025,0.03155108712175141,0.03965544418978118,0.03024939292785825,0.03254639688669664,0.024964414908839813,0.0349477808818903,0.041099180370076496,0.04116193620819943,0.02725030010505691,0.02664535496161474,0.026770317164547315,0.027492804845388994
2008-12-01,0.02852637375873298,0.029410544857553633,0.030770935885143933,0.03238189396338407,0.03580077309158479,0.032939670355579584,0.025511048939659373,0.04250317104820651,0.03693811824315785,0.029308829467320024,0.034112230463213565,0.06662290545350415,0.03821187417334994,0.028358176897927852,0.029265068759238833,0.03670298349758586,0.02708981576311297,0.030177837346563954,0.03168651320864468,0.03991245714794104,0.030242860016756076,0.03184482943509366,0.027029004109846336,0.034296057348157404,0.04028587545106659,0.03978112693354617,0.028913008103922784,0.026991380863486732,0.026089315429929642,0.028295358725418853
2009-01-01,0.027825987617677853,0.0280212090618322,0.030948538240840824,0.03052200608837911,0.035208019027923976,0.03325891007482892,0.027650453680569374,0.04342131131164425,0.036069881149395494,0.029684660949586886,0.03601790927654522,0.06507394703041451,0.0384427954241363,0.030381661971611646,0.02972752537820977,0.039766761539089125,0.02616732842001957,0.029443771644143697,0.031450926843301016,0.03992386094278578,0.03179868741405308,0.030307266949701546,0.026951457953672625,0.035084891811330295,0.03921633287997208,0.03940505238194212,0.028314232741993392,0.027294233263924245,0.026055515744786453,0.026564903013082022
2009-02-01,0.02840786299081483,0.029987807151430342,0.030894370651797856,0.031536996372768314,0.035655973422079455,0.03472242169811842,0.025266437304129894,0.044562440544490364,0.03621215399694405,0.027178525510795113,0.03940866688649099,0.05972596793708008,0.03855985795224621,0.029605931244240723,0.029842215951232987,0.04356558032918804,0.025402819646355275,0.02958690550848018,0.02957238551587719,0.039220065962382734,0.031043288309910662,0.03198654214992044,0.02409391816322763,0.03514323628026755,0.039808989656902605,0.040400645139437016,0.030493579913743362,0.02493034288352561,0.025141939369601927,0.02804217290167148
2009-03-01,0.027810557677610953,0.028717148077723048,0.031160251361375756,0.03235699818511687,0.035232366623655594,0.03349198742992525,0.02682696551327594,0.04598854315290907,0.03636222183670694,0.02927567728827671,0.03468222854866109,0.06272995973291069,0.04000709006900216,0.02989928021697488,0.029862344926846286,0.03581563841072689,0.025167145026424444,0.029648842120929348,0.029943620254868904,0.040379810708924685,0.031212833606721658,0.03113046172411799,0.024448412818291895,0.035938802820665736,0.04140480327060095,0.0426265648670041,0.027750835113728115,0.025070674752091262,0.026513300989341886,0.028544670925770378
2009-04-01,0.028287401101936494,0.03125222557044092,0.030891300542647646,0.03168353454393944,0.03589849606912744,0.0315833468182654,0.029825846651174277,0.04649273128576316,0.0382605385706053,0.028002898272863234,0.03363446180984309,0.06137389424945619,0.0391804584174909,0.029151675897184096,0.02845979243325609,0.03711549247152847,0.024885224384065426,0.028882717228788195,0.03155094066542956,0.04156849310578527,0.03037412099455796,0.03162431545061957,0.024810768229000295,0.03606584364582868,0.03978037053075843,0.0410518990560922,0.027497925286479902,0.027164955796308687,0.025320688605646284,0.02832768170198759
2009-05-01,0.02772297415858938,0.029914688213617896,0.03277532687543863,0.030982757263611313,0.03576950281946236,0.03313302568994749,0.0326842646941964,0.047991345721558144,0.03749191162351282,0.027749115080870426,0.03393458334534471,0.061833628453167984,0.038120820791331084,0.029234431446687217,0.027798885025979492,0.03643296869443868,0.024820655045148573,0.028590524708449794,0.03032404756245188,0.0433144168484918,0.029665269994433714,0.033211678498880376,0.026034465164402668,0.03451893688278318,0.03799139933509917,0.03995331341937734,0.027357939147454075,0.02370441746338324,0.02702361154754098,0.029919132391153267
2009-06-01,0.028405992522708732,0.028376156789123672,0.03092188108788029,0.03271758380971922,0.03570464038979504,0.03126535420426978,0.03192454929775014,0.0454622398381569,0.038213721780082234,0.028070324754445247,0.036254795703752715,0.06221268325892894,0.039761389269457235,0.027495127803549266,0.028018359773846754,0.03659225745102415,0.025357115571991867,0.028049623435846976,0.029311517036108712,0.044234942802524366,0.03080644485459046,0.03095632889489462,0.02700845441197396,0.03592862335756397,0.03899942886314125,0.04051246352149053,0.027190507108696384,0.024706392541116513,0.027045715402194914,0.02849541958965748
2009-07-01,0.027802529108982652,0.02940328000120221,0.031690936727069643,0.032643232635627385,0.03704080501512362,0.031104009052446608,0.029372437298846123,0.043227818835255324,0.03716367149329453,0.03005763470271302,0.03550059491956251,0.0599515135991411,0.039883337828595905,0.02831331091310015,0.02948140393369684,0.035525496685610176,0.025110286750540826,0.02908834493167375,0.03049015866906394,0.04710766282439714,0.030671899549449252,0.030932752642235044,0.025033354520183702,0.0350293014519262,0.039444832619337185,0.03900017352559555,0.027927947351249857,0.027693598198953187,0.026222486060998123,0.028085220586083627
2009-08-01,0.027165169518480248,0.02935615336901366,0.0309826438061138,0.032232121382111914,0.037087507363469725,0.03047603500878002,0.029149208775969587,0.04258863075778524,0.03805088580290094,0.028902681195693117,0.034827134113069314,0.062164972188247555,0.03941418229722269,0.02862267965533724,0.02868948496642434,0.036606162834024916,0.025773377633728594,0.028814123792141953,0.031636799741311485,0.04905654557590731,0.03234385261014639,0.0303295157474299,0.025418420913941666,0.034741929187817294,0.039628147728338066,0.03819058807237959,0.0271569649561791,0.025389769135620067,0.026733887111835025,0.028470456529019823
2009-09-01,0.02915615339099624,0.029843443873127158,0.03158487361393908,0.0335279397556036,0.03710965280500644,0.03165295067525081,0.027262732492578844,0.04351956907551713,0.03792574463368176,0.027564909563937624,0.03460523101518438,0.061927586272512415,0.03842131017396847,0.02742586457382378,0.028444878618386578,0.037148547949430906,0.026403607974201795,0.028232963411924265,0.031849667398628975,0.04752829299321793,0.030555604753035915,0.02973499370348857,0.02553942483178309,0.035719865849951654,0.03897807209028138,0.0406478698204339,0.028198227121301774,0.025726552563605048,0.025789837405778778,0.0279736629580817
2009-10-01,0.02788322752951557,0.030039139697936965,0.030659654710496396,0.033447891161177856,0.03703179045972425,0.032823746542803206,0.026812321641687044,0.042165281543568904,0.039151619100034625,0.02808183702470224,0.03549895708543505,0.06036160901513911,0.03808905989645147,0.028748052217011134,0.029444633296868816,0.038022039545581726,0.02533759020728344,0.02836440967322264,0.03178338315877709,0.046689025607827866,0.03054040670526917,0.03161701245565225,0.02565680005041811,0.03512167438156498,0.03907703340348695,0.04142333175500001,0.026604982692490724,0.024902945308105405,0.026235759099260392,0.02838481723652602
2009-11-01,0.028905996066260858,0.02910617778017636,0.031350306227018766,0.03253053977721956,0.03719362660916743,0.030904392632365284,0.02693427585471627,0.04319451486886119,0.037833355824381174,0.02886963641478091,0.037850404621684625,0.06034607596607583,0.039148432996709025,0.02849993158915082,0.0272754895081004,0.03896387373448755,0.026887973286919095,0.028868316547234183,0.03043642087755821,0.04704677900374155,0.03077801775363545,0.03225743926531465,0.02485381599957319,0.0339134141840303,0.03818743208745644,0.03903741181639133,0.027847054943324005,0.025135315823687,0.027246067466664785,0.02859754302171862
2009-12-01,0.0274887080802249,0.029505280726886202,0.030843409459687963,0.03196642139034067,0.035700179260352856,0.03007033255550259,0.025677919912942476,0.044239776403633066,0.037245977733422655,0.030791830844359942,0.03752171219138115,0.06374446468788338,0.03859526999509341,0.027778317833583154,0.027380147809684084,0.040370147421704604,0.027341948461277753,0.028554684627585387,0.03172070448019811,0.04658513163409386,0.031359199194094634,0.031761049216517366,0.02460865742515917,0.03427135546706978,0.0386076157367993,0.03922483782868324,0.028279559172535173,0.02536524268951912,0.025650328470407012,0.027749823544760154
2010-01-01,0.027676340419848858,0.029030244651655056,0.02934059711023267,0.031021713423938696,0.03727011629491049,0.031210011426776978,0.02667174839122423,0.043805633164194537,0.03699112812126327,0.028190686002995183,0.03867551882843235,0.06552150819187212,0.03869466419653702,0.028528109946039028,0.02780843102068204,0.04004334474335075,0.026630080466481267,0.02908389851342888,0.03215331464105202,0.04513756589267285,0.030776115590308933,0.03185762793087282,0.02576027927846178,0.03367946688349806,0.03842092017346065,0.03873403496923743,0.02805339360264312,0.02599071909097846,0.02591587847029519,0.027326943841846293
2010-02-01,0.028701889420051526,0.030260585850430417,0.029945308074405725,0.03130365996139285,0.03730204133237815,0.030348021666565198,0.02619825269606325,0.0452710350801463,0.03618962857587633,0.029072065081238645,0.03560228089696027,0.06214692869993695,0.038085907264905135,0.02877634731366446,0.02850854561801728,0.038016959531659636,0.02679560681020743,0.029485088712986437,0.032721184517125676,0.043254641480490894,0.031988092951463924,0.03151351599171378,0.02524610672696337,0.035539292827634385,0.039649821584807086,0.04046531799162385,0.028504004898988633,0.024648507319846157,0.026854561589316723,0.027604832539749165
2010-03-01,0.029436038535930797,0.030484237360852356,0.030923899044380258,0.032485786507867924,0.03663574803634048,0.029043436860358374,0.026767293246387446,0.04602540583310895,0.03677194979641274,0.028264705819288694,0.0362906235904321,0.0628111943907343,0.03870592165134395,0.027670140632863088,0.02865097668183008,0.035806883626888455,0.025642812004936188,0.030516108945326414,0.0319236892251517,0.047514641103056185,0.03124191454731414,0.031179149808434812,0.02529308279557806,0.03497195652651961,0.038373454158747655,0.03955375285898034,0.02804460857724172,0.025237454005743124,0.026023408821526466,0.027709758674359087
2010-04-01,0.027105133066333793,0.030540945236671526,0.03086769340596908,0.033133755921761494,0.03684765339132466,0.028954939917038822,0.02673615016070987,0.04610339456993104,0.03738625587765776,0.029517909836419432,0.03511349839987743,0.06133872606354467,0.03941876177643588,0.027373297749300352,0.028584713160614814,0.03570473350377546,0.024726960927272713,0.028499138477423643,0.031955721509792714,0.04920909000239389,0.0310615420060396,0.03232203266347077,0.02607228300977455,0.03512311100938155,0.038802405811111086,0.03950280348567993,0.02752514204387221,0.02626528783931488,0.026354672107227754,0.027852279777371418
2010-05-01,0.028790026908074574,0.029553333652211133,0.030421346306686293,0.03286164820499714,0.03725543296878023,0.031405549215106326,0.027049629980057457,0.046168896096384464,0.0374614956742779,0.028274736114199502,0.03430549720538485,0.06291774255960397,0.03875529695651867,0.027237411934469543,0.027693049416744282,0.03764978458079904,0.025704405842674687,0.0284596173807771,0.02958369312803741,0.04819980580350748,0.03084091117088298,0.03096376255501842,0.025864637445946016,0.03917027129385976,0.03702844617113323,0.040013664651156175,0.027522217845669508,0.02545145700979813,0.02486672318074554,0.028529544518443157
2010-06-01,0.02872349370948293,0.02953491652699297,0.031096102311417007,0.03245585867763754,0.03718973986338081,0.03053197707517438,0.027874265103474665,0.044184078841783596,0.036611227647355346,0.028115231588488797,0.03343048914925357,0.06266682120589644,0.04149873314003506,0.028432289809820373,0.02746385492761716,0.03588956287992224,0.02503973847816578,0.027567557044671863,0.030175352568160355,0.048439154039438596,0.030746730744684238,0.030839468135485097,0.026645192650683,0.03877106611193581,0.03804421703207887,0.04042167798950199,0.028002136663654063,0.024413892828029072,0.026019086993850495,0.0291761215170177
2010-07-01,0.028946105986358276,0.029568537537333697,0.029843469383086362,0.03268496095711055,0.03683372990751208,0.028692695199753506,0.026515236562017947,0.04535852343432915,0.036674360433972764,0.028596595506862985,0.034553462847973386,0.062293311663613044,0.04249541541051119,0.02840832601557424,0.02876974344534661,0.03610160067183072,0.0253478368442556,0.02907373572572062,0.03093834630916046,0.048347546243861894,0.030726361501007295,0.030211248688378926,0.026007019722249093,0.03624526687663136,0.03904210807796454,0.03895906153898231,0.02672598052419802,0.02543014789923796,0.026872563305984292,0.02973673594612712
2010-08-01,0.03057474098226584,0.029831342009786346,0.030800365410813053,0.03356436672842767,0.03789830491552208,0.02824029246644141,0.026492947870087085,0.048275247105438575,0.03521594899165129,0.02867487237900818,0.03444125572996145,0.06055312629725232,0.0406216221464294,0.030586870161883526,0.028384202290150824,0.03672729776552094,0.024355925113151492,0.028929238950912237,0.03246553517574761,0.047419322409005094,0.031702876034171594,0.029949267824172798,0.025501116625527252,0.034298090977404626,0.03768512902290168,0.03739034637182067,0.028681581635756147,0.02470421534527721,0.026560292552903965,0.02947429233073392
2010-09-01,0.030128253581133052,0.030237550200543438,0.030784315891138905,0.03286736919039812,0.03771857844761933,0.029591257945023052,0.028202626988499405,0.045067902399657744,0.03645209245458595,0.02860527484145138,0.03335590289190008,0.06205738416680195,0.039548468441308375,0.02861976636725497,0.02898159710935774,0.03715792938335231,0.025220371187705166,0.028927732036429246,0.03135035320961906,0.04653959521705961,0.030888415765898035,0.030953132561322715,0.025168117788337923,0.035177216855765324,0.039363107713746195,0.039067635909863827,0.027621608535970288,0.025159474062787533,0.026391695511170134,0.02879530743227493
2010-10-01,0.027670251814007805,0.03074476673235821,0.0306138350700414,0.03545996488323948,0.03648605814749183,0.030701070881529704,0.026440024621939288,0.04514376142694773,0.03932095565933493,0.030179235444263704,0.03502488871196438,0.06216799067325908,0.0386621267699056,0.02981317283129297,0.028860531747043845,0.03594534983761841,0.02560567312858291,0.029127886981449885,0.03140606100879853,0.04123445623654631,0.03025134377336131,0.03180805122716158,0.025554426523714854,0.03477164908384359,0.03934968955805919,0.03995911012026827,0.02760416255626123,0.024700731595313653,0.027060027085898736,0.02833278102418207
2010-11-01,0.028388903265016707,0.03080893349367312,0.03119987556596993,0.03257506216146853,0.039523265110738344,0.031068673121838565,0.02645922138971182,0.045321730607039756,0.0382656206726226,0.029367837416912086,0.03652328705220852,0.06105537929857964,0.03927880605680661,0.029077694765516103,0.029194018111143874,0.03603738454244599,0.026593812986922125,0.028141724071559317,0.02992897587845341,0.041949885575759314,0.03064083522973737,0.031801768252722164,0.025783635002587083,0.034595362158561106,0.03685253291877419,0.03983494396401168,0.027828267080125913,0.025519750883397953,0.026687951740909474,0.029694898296777437
2010-12-01,0.03035558856450265,0.027938953975678537,0.030414398800302007,0.03152807407400595,0.03853385298936232,0.0297231515607865,0.0251664705857566,0.04618027228761066,0.03708424803796138,0.029477048997758243,0.03530119361130376,0.06304379254677465,0.03969448261438493,0.028279029626074304,0.028941647938653246,0.03785234199188428,0.02787090642113041,0.02915538379995032,0.03166644292936666,0.04209591547880675,0.030329890904453306,0.03342611419475488,0.02604078459418014,0.03448862700685014,0.039368631703776344,0.03743024149024347,0.028256588809483497,0.02591955895468786,0.026746117656171343,0.027690283290268274
2011-01-01,0.02954469393182747,0.028485964333909868,0.029169022401188138,0.03160002485112746,0.03759887224328498,0.03093721480009721,0.026764255886174947,0.04446012448677991,0.037563712851627566,0.028157076561661915,0.038396792992516596,0.06070467760502902,0.03874673270978607,0.02868905509555325,0.02917544319387373,0.03592964689965236,0.02470236571243493,0.029411964729251477,0.033072298067071626,0.04286732934476311,0.029474977435431336,0.041629258936054625,0.025423288438774023,0.034246970142760666,0.03834177066515613,0.03689023419504348,0.027692692774712258,0.026212402949118817,0.025797564668791236,0.02831360755332802
2011-02-01,0.0295447559295588,0.029094128256504502,0.030660034702306074,0.031660674487811694,0.03789719118830236,0.029692998406724416,0.02679334333602121,0.04561654248985572,0.03538131397594509,0.027331228904437267,0.035837302375110104,0.06327566388419185,0.03826932465221951,0.03096934198771884,0.02925681737858964,0.03769742069539727,0.02626065575130943,0.03428040711806788,0.031376147149423925,0.04119105675541188,0.030719449707185445,0.034686727307714535,0.025024832103742116,0.03359108503413634,0.037498284078927815,0.03912157075482419,0.02718664809022618,0.025251601559614045,0.02598857012475426,0.02884491794900424
2011-03-01,0.028427136041328002,0.029867710762981795,0.02938623869492914,0.0312118750501341,0.03715774837947456,0.03134437285896666,0.026035779289603957,0.0463342420689557,0.03690906919927838,0.029675972647964954,0.036371931716282,0.05968914909604522,0.03793486104276302,0.03241246341661403,0.02898445690398042,0.0386836132740605,0.025238221198684383,0.029334135849253214,0.03262725067280426,0.044096778452559174,0.032043140148426054,0.03159351135329816,0.02463468424272187,0.03624789302434166,0.03760676840163384,0.03933055534099157,0.0275468527199651,0.025398929771688724,0.025427603626437513,0.028447089022998473
2011-04-01,0.02809873541096612,0.029655819231901998,0.031410539658511726,0.03172696829105745,0.035640584467031625,0.028864620375716413,0.02696824184012652,0.04453761160678271,0.03844156555799217,0.02910149048548192,0.03516874007204161,0.062107369682089714,0.039199848305258266,0.03028039132075021,0.029023112118853337,0.03762559978490543,0.026539425815766057,0.029630424158425078,0.030734657971539868,0.04697851106325317,0.030988678268783685,0.03220354900988252,0.024621989453100138,0.03505717802971438,0.038589587837527944,0.039422191366986756,0.027654236447323795,0.025489804475808387,0.026246334576785987,0.02799222661598158
2011-05-01,0.03014442624188014,0.030395866778396965,0.031775878790202126,0.03410256976032334,0.037398262366778574,0.029917666066463643,0.02694656958920862,0.047510866363235434,0.03900016027927954,0.027964454886145407,0.03404027391026635,0.058519380785284354,0.04032143901400817,0.030676138112295227,0.02730371859928623,0.036278777784253174,0.02559685200745831,0.028540632915451062,0.03001920498550914,0.0423200327914123,0.030249694448235276,0.032004541859896964,0.026403283006159937,0.03517154981336953,0.03778671636151291,0.04074080227163542,0.028685982932725677,0.025449394846445376,0.026227317102818476,0.028507576012194148
2011-06-01,0.029427323126412837,0.029773446231521467,0.031002184566750437,0.03359148897592893,0.038755560253258256,0.030797424226015096,0.025988989478319298,0.043217659249432355,0.03898249522703067,0.028084775941763052,0.03607624175947989,0.05776076156063777,0.04070332972354095,0.030475205759680983,0.028474953500099005,0.03807290775718128,0.02551441058559589,0.027341837684785895,0.030905334049618385,0.043847257539141246,0.031031107971493766,0.032891126858387125,0.025561708663287653,0.035851484915634765,0.03914511270337504,0.03892554989952853,0.02822304322815022,0.02481131359374681,0.027398058891624073,0.02736794030323019
2011-07-01,0.028734397604726517,0.029902612423764057,0.031868048871130615,0.03287703267912143,0.039030625094935247,0.030424343577779893,0.026577273275939485,0.0428848279822235,0.037899467635853286,0.028201887814130952,0.034651737692492815,0.05744027966564334,0.04035642820479376,0.03599335017709125,0.028227003057980756,0.03616641178630976,0.028227957086419474,0.02880511313513148,0.030278105622644373,0.0414596759389521,0.032123256548455756,0.03142330324483322,0.02503391354671043,0.03837558194077138,0.03750406486229201,0.0365792932913948,0.02719307017150695,0.027421974668247126,0.025896700505141132,0.0284422933673182
2011-08-01,0.029235702525268244,0.02946121921115788,0.03148089374827223,0.0329728561710232,0.039746624051442005,0.030777884035892055,0.0270392456201675,0.04376971836586202,0.03720970902937636,0.02915487532254868,0.03470691157645922,0.058834577584525476,0.040922964299501347,0.031219446705540548,0.029595990897803334,0.03785208822526515,0.025895827780767676,0.028856728765237916,0.029627904589873567,0.03935372889833923,0.03237684643062648,0.03130440276215064,0.025790496625691897,0.03745502363566323,0.039820615144051906,0.03738079763910823,0.026660738277484428,0.026448795498293053,0.026603964932793944,0.02844344945743871
2011-09-01,0.02855905997136091,0.029714129252797202,0.031958883001745174,0.031739870493091626,0.03959925602200681,0.03236194096063762,0.029142178258945082,0.043637507392567935,0.03765646905025449,0.03079423890627652,0.03493960333225568,0.05802971218586658,0.039075842133130125,0.03208442123038191,0.02831713364061912,0.03656755973761064,0.025122723602783253,0.02883744988815978,0.029925456962723397,0.039930910107278964,0.0311044425606183,0.03028472362982398,0.025750582439341422,0.03638694553820942,0.03863269454778471,0.03831466639769697,0.027659669208029907,0.02618797889702918,0.02729551469565877,0.030388467432771515
2011-10-01,0.02871856385371132,0.02949470687778938,0.03222845874112228,0.03350626021057157,0.038971564557047686,0.03226839584605704,0.027957236778026844,0.04202419833574557,0.037608469653979765,0.029655033733284184,0.03504678623454997,0.057167486841805754,0.039457047873024814,0.03310083892700802,0.028658190949033487,0.03805698413755247,0.027548589055456894,0.028881793606162956,0.031233883506183113,0.039963038318380335,0.030726046502032114,0.030254435379933806,0.02522212445707413,0.035589970288732786,0.03869088886474004,0.03839446117886751,0.02691053966154224,0.02683388191048549,0.02741828707070013,0.028411865498310308
2011-11-01,0.029056884420633183,0.02784925281130146,0.03260825395270857,0.03363929320899487,0.03815541739383253,0.03137037495969973,0.02731159213940777,0.04481227750810158,0.037316938775590065,0.029295540168289613,0.03704505032406721,0.05831372762642139,0.04041605285257835,0.031398972115113125,0.029326677909978387,0.037045405429211496,0.026163110843085906,0.02831603365751036,0.02930928251674838,0.04278534146282523,0.03084897751656736,0.030103621938716404,0.024919370255478128,0.03548933604586931,0.03941975590528077,0.039007883778653794,0.02637911238026086,0.02661377763372666,0.027652262912011404,0.028030454541594703
2011-12-01,0.02805408087961266,0.028599152139499154,0.032173737877880124,0.032373104419476405,0.03838222527455316,0.03142666186763436,0.02633172934632801,0.043733296125737564,0.03862141831371101,0.03018316382576087,0.03656379930031008,0.058083170288727455,0.041630477378202614,0.030278577613960772,0.0290593272143601,0.03744796929648219,0.028227829321287864,0.029331515278029022,0.029880643853024604,0.04267608458739191,0.03128636242209876,0.03014207548134302,0.025178917528635006,0.03469178930226558,0.03899532242617146,0.037664614958502526,0.02738585949061929,0.028389281385006238,0.025997615717713116,0.02721022891616895
2012-01-01,0.028077349617569365,0.02901962471138975,0.03214057396195983,0.031464268047744694,0.038655813372218385,0.03299129850298624,0.026984812799858454,0.043024670219701334,0.037456100288099536,0.02849869027058374,0.03889893790625619,0.05804150980839273,0.04145702818036914,0.030615205230460508,0.02920677886217961,0.038701741927261495,0.027853313812163043,0.02843044339748483,0.030603594589453255,0.044056491850155324,0.0305674662421581,0.03232516439377923,0.024522116620872742,0.03359607038794422,0.03744190715844726,0.036873402540460364,0.027316832197193698,0.028138892433000558,0.0253513863230931,0.027688547700004475
2012-02-01,0.02940012007245789,0.028436939533413686,0.033462769692345073,0.0316357503942399,0.03862560266093137,0.030515284370236064,0.026867449062174132,0.04629611080104687,0.03717921443157184,0.029898871834501396,0.038621434470711355,0.055232444542768856,0.03971592652785606,0.03014590700788445,0.028080116261691747,0.036506619595567516,0.02606436821475074,0.02912225197000577,0.030426609661200796,0.044561105218432304,0.03132196244695048,0.032861278516432835,0.02460162554182453,0.033769883395999664,0.03883331478454226,0.03825449487359194,0.027151208806694173,0.02606715194024129,0.026433621249692073,0.029910593503730168
2012-03-01,0.02908914762503413,0.029835274427685226,0.032545874357833626,0.031918578088233694,0.03881170866204236,0.03021362806809743,0.02567898107016952,0.04578406339242678,0.037674267155467185,0.03204279996575169,0.0363366671462199,0.05426289737515329,0.04086749985185521,0.03134800414672459,0.028580976501744095,0.03563115133062131,0.025917483824240625,0.028708422475063396,0.029474231072288925,0.045465859142385934,0.030809527056635984,0.03195896971997564,0.02491958084646834,0.03561572477173492,0.038293678584398756,0.039546263960999604,0.027748354770288395,0.026770227635902335,0.026004927150251638,0.02814526139766373
2012-04-01,0.028610973663438722,0.03007001146501246,0.03346982074595009,0.0325858786728916,0.038132649464788754,0.02877521727209424,0.026414667912695203,0.04526188823950646,0.03758648583336909,0.030123378917454462,0.034710529514170675,0.058690251065421986,0.0412958500087817,0.031612042294428454,0.02831658420950228,0.03563742145537272,0.025423101971723837,0.028906787942880374,0.029685046513131193,0.046128296497234045,0.03156103045139413,0.029974536264078783,0.02624619084945954,0.03494383864033217,0.03839434078175511,0.03871235890204113,0.026734106681622398,0.02812510729633711,0.02576015999051546,0.028111477234658244
2012-05-01,0.028964426284374827,0.028695770878278414,0.032302298656706724,0.032490173388154554,0.037930914705904005,0.03032613863312777,0.026256509536401705,0.04913961320432555,0.03855132689745152,0.029841363241892346,0.03389302927831106,0.056740269705907564,0.04046986012672107,0.03151761929717473,0.02773493840354543,0.035352091804835235,0.0263861426076714,0.028315069159549993,0.029721798797938483,0.04334870390644696,0.03202117681166895,0.03211263255577927,0.025276935186314516,0.036729918301030846,0.03902038108356544,0.03803679965001442,0.027501704765876357,0.026477191653098028,0.026250542089654588,0.02859469072456402
2012-06-01,0.0284271679617668,0.028295924469534026,0.03218715521729303,0.032864159817201526,0.03952838418139951,0.02908842888479582,0.02573468181895818,0.04481164106784314,0.039175419802803216,0.0315099218381267,0.0352005792220327,0.0584381370688028,0.04123624416187088,0.034293733096422065,0.027044425899789178,0.03575239651133555,0.026472265884551066,0.028029339240411753,0.029338013420864742,0.045340605214154533,0.03048214370758964,0.03187436514332314,0.02580132832010176,0.0353308887854231,0.03839372294914545,0.037169682203694834,0.026354908371494932,0.026212260511204972,0.025751589511128443,0.029860517199508985
2012-07-01,0.02836981005269197,0.028658052535095797,0.031240492949888614,0.032963078830489635,0.03928104003962463,0.029089551375804143,0.02709051075510451,0.04364761214555623,0.03811651214344561,0.031192690789256457,0.034938888949657985,0.05796556209874573,0.040738896917546286,0.03380845865308582,0.029185915944985662,0.03790765908887273,0.024920968591849623,0.029208660572931366,0.029085789381002626,0.04442968254774896,0.031363236939974906,0.029798761256744813,0.02519266168325702,0.036832348668398046,0.0369248806654849,0.038227989095456015,0.02664948556115427,0.028318625902989537,0.026904692837664865,0.0279475120875421
2012-08-01,0.029620033399311834,0.029382058916521403,0.03111655118980727,0.033895497735008176,0.03887606025636397,0.030553988435203475,0.02581911833778777,0.04686093145246017,0.04054413064266386,0.0302113996634756,0.03468152296679391,0.05723847545997339,0.03994813113177249,0.03238126662291881,0.02969650126940217,0.03619931092587862,0.026374768298968905,0.028784390067581263,0.029797415736785893,0.04192712686677878,0.03158145310708116,0.030476912835436083,0.025067068958304514,0.035417854633847355,0.03752116724182011,0.03746762250209939,0.026431829712209507,0.026137468273557618,0.02654858791104139,0.029441388056707544
2012-09-01,0.027163657737787037,0.029145821140549935,0.03202007688669918,0.03196124105443263,0.03894645864901013,0.03157995247609163,0.02833981200679159,0.04710537207784524,0.040486778459178446,0.03171992460385371,0.035978939648660536,0.055780488150362774,0.03953737723222446,0.03196218078733499,0.029952208095452286,0.03736348993813357,0.02579300323502001,0.02847205579307606,0.02827355849800099,0.0420544947717612,0.03163098553361513,0.030074629101255555,0.02579240071098645,0.03522967244424476,0.03970623137708457,0.03732475953477841,0.025793692253595877,0.02618961540143281,0.026680870874126492,0.02794028494785918
2012-10-01,0.028211987511589477,0.02965067593523753,0.032657293280762764,0.034757778736679866,0.040350314189291525,0.031165816211022525,0.02736361054176842,0.04543977272839956,0.038680518500863584,0.029680890228526744,0.03542887807531491,0.05601684603712468,0.04189262285794056,0.030470040477978404,0.02911075658174317,0.03568216269375524,0.026974406044836672,0.028627525847728676,0.030242072419424944,0.04106219107824133,0.03158855498513757,0.030203586899210096,0.02519169638147134,0.03456791238109604,0.03912056581552384,0.03934690547109042,0.026400056205352438,0.02519733720100372,0.026433659384778565,0.028483599332781766
2012-11-01,0.027751678546282323,0.02830300160795864,0.03330796260322414,0.03351303979976095,0.04025281685582741,0.02972151207897903,0.027048382933732396,0.04660230401283858,0.03920693524060904,0.02962280708081227,0.03588141609334407,0.05637072121637716,0.04124963246863637,0.0315438090641957,0.02684750196773711,0.03544251875854775,0.027225304460094538,0.02773506536096561,0.02964145583369246,0.042323647307480644,0.030415835459663792,0.03008233519646872,0.02563375549231533,0.03467680716308496,0.04177518233777373,0.03946959035529079,0.026187647521161324,0.026206075057336548,0.02729978108625286,0.02866150871424565
2012-12-01,0.026739375812205278,0.02811025306601699,0.03171051148578727,0.033228916518064616,0.03780494222886572,0.02876385274212032,0.026726011982600634,0.04551458404643353,0.03795508955403775,0.029409127403408123,0.037285697450660606,0.060708661427584444,0.040358648485588504,0.031102988074976617,0.02795484810732118,0.03670160284849912,0.026963238576044893,0.029497396454967368,0.0310628890481417,0.04249212720877114,0.03057667846313824,0.030074628241440478,0.02646396578992666,0.03456350222971276,0.03951580580508164,0.037755368601482396,0.028538406630364804,0.02623289555766553,0.027496382761015226,0.028691635849732486
2013-01-01,0.028436012241864803,0.028368565123137984,0.032067980962185556,0.03141343005159716,0.038503863827811416,0.030840594324590728,0.026685964139608713,0.04376547812171869,0.03808880862160283,0.030340953811975224,0.04142696041920338,0.05691518723516023,0.04180455091251085,0.031598104624302785,0.02721115211377664,0.04239135057747724,0.025573234594076462,0.029059754055889175,0.031350188378947104,0.04030560554640087,0.030847115498369545,0.03137856943382149,0.0242547829924517,0.034413414332998625,0.03867170654004149,0.03766078470783693,0.028114569970188588,0.025721776973990102,0.02586464470970109,0.026924928136720924
2013-02-01,0.02840656267188155,0.029192276211653597,0.031109959004918877,0.03291094988811026,0.04018249989625776,0.030377897634413373,0.02626144558406951,0.0459323436913032,0.03941938673549614,0.029696657266583777,0.03911412805679074,0.055772142385594387,0.04052585569835961,0.031089122199382722,0.027135629294735498,0.037957177746901334,0.02540966341337876,0.028533902000016542,0.03066303026079658,0.04210638940943276,0.03024179364778748,0.03292338687661038,0.025397298096621536,0.03594071827290989,0.03886023398482838,0.03777174169059751,0.02608694282595642,0.02504988155525253,0.027384510968738653,0.028546508762737247
2013-03-01,0.028531783490041474,0.02905536070396349,0.03220911757266913,0.03249121831714211,0.03828385342089062,0.02919675301050502,0.02694136047169908,0.04588561323518991,0.03852178047551225,0.03190237933634619,0.037660271922917654,0.05774406021905528,0.041625638701366416,0.02973059772117257,0.028246972687824924,0.036230143715308534,0.02713689138524162,0.029193880227314256,0.029591679263160274,0.044341477037082924,0.029333501897406612,0.03151962831946279,0.026639215861200678,0.03447329258940227,0.03829529050442124,0.03779118884962083,0.026101332106161747,0.026748497299961496,0.02628303674728247,0.028294217196774284
2013-04-01,0.027789935219693605,0.029226828991808545,0.03357482249230551,0.033777221311572445,0.039878249685480704,0.02822879916633936,0.02682575412061755,0.044890268389719386,0.039677920984104276,0.031212691882516675,0.03415056227227029,0.05679467241380119,0.042235733947924625,0.03019270224550996,0.02728846991180655,0.03601396484033685,0.025532537609376158,0.02905967348539357,0.030708665646549706,0.04241244602242866,0.031767172910739196,0.0313830689983634,0.026599450431965713,0.03562739469342656,0.03940593296079098,0.03868619936548472,0.027894861417745918,0.025473519196358933,0.02573089685870734,0.027959615144587644
2013-05-01,0.028659906390254654,0.02775019957130324,0.03202226084560257,0.03338718732906684,0.039177064685482064,0.029449599045479537,0.026657189644369878,0.049301844636043424,0.03951619716324813,0.030940255525688347,0.03477308400797241,0.05865845701494959,0.0405163814775072,0.02920211027011204,0.027880783995381197,0.035576160289273163,0.025645874893216382,0.028359580966903566,0.030650242550897832,0.04216037384196602,0.030474043499029265,0.033016517091413185,0.026930498937814226,0.035127219473238935,0.039243347197074514,0.03934213358234535,0.02738215174831592,0.02521572847768666,0.02545733856461943,0.027526299110009173
2013-06-01,0.028415697529041984,0.028379146056379794,0.03230170506591599,0.0334293523417893,0.03788839692980931,0.029284483877750473,0.0254952892936565,0.047245538002270215,0.04051408645254625,0.030784227028548567,0.0365239738139025,0.0554671872162941,0.04240951093733965,0.03039708312277322,0.028223703506616085,0.034418885925942506,0.02750856185676031,0.027828082970805166,0.02957228305268389,0.04397724921641566,0.030190302345424608,0.0309389389171693,0.02681052781062302,0.03504224693134362,0.03850436844325558,0.039719411985006586,0.027537462875035938,0.026198997609921754,0.025477407815749618,0.029515924726525294
2013-07-01,0.027710413529602025,0.028715717951445802,0.03158366205601256,0.03345410389138938,0.03599603584912917,0.029012421956157476,0.02527260779164498,0.045666393765650126,0.04034666479547597,0.031581257744839365,0.035663760065576235,0.05726866243612273,0.04213237398873016,0.030662775437691428,0.02926429240870187,0.03512130856933351,0.026450157538215398,0.02879628504588173,0.031020034792485333,0.044317364525938194,0.029387795569786126,0.032372871350103076,0.027114026869336765,0.0341850182670586,0.03946953244845356,0.04009674620274048,0.026589036793773467,0.025637293110086702,0.02664629636069546,0.028465120740673762
2013-08-01,0.02972899141114938,0.028468930520655987,0.03139903430148884,0.032093580894430804,0.03625027975872868,0.028929450739566133,0.026316355994973915,0.05248506945865947,0.03887134227577759,0.032432980059596626,0.03738352105568682,0.055934523423556926,0.04005474824643596,0.029831900942328814,0.02823385171967628,0.035307453496955694,0.025666180257480783,0.027845498548143655,0.029799911921068494,0.044357684329277385,0.03124606605642011,0.0323807576014865,0.025610516030464877,0.03401816028838969,0.03988233064763282,0.03810548947818905,0.027143114610970444,0.024615173933064685,0.027130243753011686,0.028476892592201517
2013-09-01,0.02670606951664061,0.029317303838097553,0.03178818784361312,0.03124168362845339,0.035889394349601283,0.029687237905329494,0.028091592072641003,0.04795077065908575,0.03930863751211826,0.033100301096940274,0.03920461217480026,0.05612971811356075,0.04004425276249077,0.03019595329197135,0.029265328072347586,0.035974265846232194,0.025550046691674832,0.0283294065409198,0.02874195608969266,0.042183222811890644,0.03057947247820669,0.031655016554467334,0.02690295973806677,0.03568786108294682,0.03996401481032474,0.03875958481593464,0.026954473573930934,0.026103884304834814,0.025975434847051306,0.028717391281652883
2013-10-01,0.02683006373495796,0.029233882809511072,0.0345819864683197,0.030672654118815056,0.03899628404730861,0.030511452991366123,0.027215364763840247,0.04531241259678319,0.03999322057528474,0.03353588799556929,0.039502909667662796,0.055003106544288013,0.040058127361322804,0.029069088205399427,0.027791824183685674,0.03716385970922238,0.026704141220593273,0.027874644701275514,0.02951017697668427,0.04030816523223313,0.03143046111433063,0.03033628527415513,0.026711363865611428,0.03342345820742455,0.04100915940904373,0.040205523694616184,0.027238865195904335,0.026076550442184356,0.025727038483041576,0.027972073778896232
2013-11-01,0.02785321473140838,0.03080758548123857,0.03462510789425696,0.032268111004036364,0.03631251205567081,0.03014091859846297,0.02842795080451642,0.04457030885919171,0.038650489454931124,0.03300424388114174,0.04080734983819016,0.05630958682248148,0.038631524465978145,0.029753032370265258,0.02822273057749716,0.03666175351405548,0.026377014963303583,0.02790466291369018,0.02921651027263221,0.041351255111648874,0.029796414416093948,0.02999685867446459,0.02550624800006212,0.03311762695481717,0.04079921897904853,0.038659111830263826,0.026360012201687037,0.02755300766141233,0.02767824161431547,0.02863742869359962
2013-12-01,0.02782525238838629,0.02878241830509939,0.03283498028936032,0.03342906520898386,0.035748734564635065,0.030420668120463772,0.026363739025692765,0.04628044803321547,0.038126259647376766,0.032939227693681995,0.03867393565885233,0.057128356728460616,0.04066479152273309,0.028692523597187027,0.0287708658750786,0.035055010581136595,0.027848519383089805,0.02919075094285147,0.030205384226429585,0.04111476958118106,0.029668437834522516,0.030022638897736136,0.0254340774590925,0.03390087057429947,0.04178674686149427,0.03694607513856251,0.026738588855844018,0.02753417079696331,0.028815692647477485,0.029057032293427536
2014-01-01,0.028204043044754334,0.029596932273491427,0.03351958068908459,0.030641314607356158,0.03692132221050613,0.030337341688896378,0.026018421271066787,0.044032499787472416,0.03778139276019777,0.032262730441110075,0.045293168206488495,0.056593223309152306,0.04025540973808503,0.02799892697930242,0.02788397662817901,0.039271435268979735,0.02581145171820178,0.028718775632624868,0.02998528413882151,0.039498147696530324,0.030223283943581116,0.031221453490855425,0.026296156846032655,0.032979687474827775,0.041028653180904144,0.03828622937838507,0.027563076652938844,0.02679517951713361,0.026469574670198538,0.028511361196671216
2014-02-01,0.028251461090303288,0.028708972808051843,0.03649855200902006,0.031891193723109966,0.03717203557216441,0.029118503245220053,0.026789943468435124,0.04754235640088882,0.03910761557874691,0.03168793854698295,0.03932034631755956,0.056635942755521786,0.039614113555342764,0.029470336208210702,0.02784485338414922,0.03730917028831815,0.025839473087868586,0.02859586007422128,0.029801468237784748,0.041493425676183596,0.03133864787380874,0.03141051880022868,0.02598194131132277,0.03404873498579931,0.039317029001140744,0.037669136709313364,0.02602203018389171,0.026121915312232402,0.02694479906122146,0.02845171998958675
2014-03-01,0.02731794720173038,0.027637504442179193,0.03348128429073252,0.030873606371113527,0.03612943844489714,0.028818009970291686,0.027214543951292112,0.04599806342725437,0.03826347404227777,0.04075762026489802,0.03836869569180176,0.05537613873907583,0.03905917669703273,0.030092345311595322,0.028668749028149348,0.035120332035911576,0.026305320936013985,0.028040898241615365,0.029748331087400246,0.043764494230666674,0.03111415589564514,0.03104530871386516,0.026860757918273376,0.034226254374922827,0.040143334913197666,0.038556660316503705,0.026640322922016783,0.027150458683150736,0.024907179890693912,0.028319628771569072
2014-04-01,0.026996707961413968,0.028956235233586845,0.03248708407483142,0.030761013792683516,0.03620522055834694,0.03043410509415157,0.026630886800917266,0.04703468094671171,0.03777533784782317,0.03328830212744516,0.03792965187369562,0.05520433013502608,0.042076270188396034,0.029433164167913455,0.028688162451180634,0.03553448323818943,0.02704247634519031,0.029522245497055392,0.03054337784640265,0.04291077551928458,0.030914096195033616,0.030676067990330666,0.025361027351854994,0.03461943617409157,0.04141731555871106,0.03771434168909529,0.02716973659927604,0.028111436547673656,0.026281129156478126,0.02828093382664527
2014-05-01,0.026567803032638265,0.028055545395970202,0.033653702346842215,0.031645746938619344,0.03577167515171969,0.030597536923986354,0.02866632557303757,0.05480257230881423,0.03853419681319483,0.03115951486594658,0.038498870322402574,0.05415820549885115,0.03848217761559657,0.029068960587289267,0.028563148224985985,0.033338804227320856,0.025476355804286633,0.028914670977008217,0.03011623578260813,0.04317176673252935,0.030783833450639383,0.02993864849808091,0.027373329855941007,0.0361908808680206,0.04046422011718428,0.03889268676977913,0.02561323319590645,0.02759333897702417,0.02550546127114948,0.028400587691870108
2014-06-01,0.028570280482080688,0.02822853930264505,0.03336355001418212,0.03166916493972402,0.03679016020587014,0.03181369322112042,0.030780363963904264,0.04714130675391209,0.037860385794824314,0.03349089796719109,0.03934081070232503,0.053341736815661324,0.039737034934152225,0.02937958599357782,0.028203955836622534,0.034075350329804265,0.026104372107529663,0.028576443319689587,0.029362763348075,0.04373937431728671,0.030395098406860447,0.031362284955038455,0.02590341069746116,0.03557066934079526,0.03959939192226099,0.038652397146255804,0.026045140334383418,0.02609524211778904,0.02604078576813724,0.028765841288104603
2014-07-01,0.027687211701543868,0.027587509265689383,0.032710966600211736,0.03272163031619523,0.036456653084313916,0.029729930225734287,0.02827337931773725,0.044035037272287435,0.03896957461283052,0.03095500978301653,0.03876402446009048,0.05229509247857021,0.039792698492914634,0.030906429027475375,0.029700223887225673,0.034469001593911086,0.025747033931378838,0.02867694204201707,0.03012490354709973,0.045091857446319425,0.03056605518589019,0.03190615269403271,0.027436721198369103,0.03572262550449481,0.04031793846714202,0.03937721661659279,0.02735480015919473,0.027211149901018878,0.026473664448641587,0.028938599991692376
2014-08-01,0.027678411872787825,0.028217834240823067,0.0345138039806655,0.0317896557763203,0.03723879183404981,0.030694717853007904,0.028350806662643085,0.04449818809285388,0.037045084713671225,0.03228217807573717,0.0403650345285592,0.05297447758800861,0.03935174195065241,0.030238004388836635,0.02842061219868074,0.034661360034626575,0.026024040208004827,0.028704577189192053,0.029918228226115756,0.04594572394273333,0.03167067587398917,0.03182540601346482,0.026160992772103545,0.034601944399227216,0.04034851621285748,0.03757051110360743,0.026810004484874653,0.026640994938959602,0.026349837618761605,0.02910787729388605
2014-09-01,0.02798945630879438,0.02813319913290534,0.03371471017808909,0.03219700298422815,0.038573366219528185,0.03141708573065796,0.028389262509987946,0.04552657804926813,0.03947964027024492,0.03264691399606087,0.038439816858661414,0.05477882734310331,0.04081259278962502,0.028682436850804263,0.03123624595648054,0.03453713821373964,0.026399061105564257,0.029356382212569556,0.030473990991534576,0.041142134462198554,0.02961148002268705,0.03202330923580752,0.02528279427606529,0.035563955552096564,0.03969278085150274,0.03785679204933503,0.02648873525560868,0.02615232694341691,0.02551508936785303,0.027886930794211253
2014-10-01,0.027572014251912476,0.02837864747568035,0.033122688220831954,0.03241482317297824,0.03813905558831752,0.031130457304588594,0.02761407913730561,0.047074653510257455,0.03830957653765643,0.034131950586285036,0.03826786673391411,0.05394807263366599,0.03997962572217897,0.030530859816989935,0.028698641573170643,0.0355895948626008,0.027522066549944397,0.029490578816958216,0.031019678026768437,0.03953463051729059,0.03062935305046287,0.03130428644307939,0.02513814538894234,0.033720976028374386,0.03971504876041338,0.03805859027541502,0.026931866448909953,0.026751118252536957,0.026790819262656876,0.028490270679524678
2014-11-01,0.027992419354042286,0.027588167523417504,0.034291323750623354,0.031115281731021027,0.03740461068900122,0.0299545940258747,0.02771586902108735,0.04600022005947077,0.036377636279740826,0.03516147699572036,0.038368865916942906,0.054238406240777505,0.04336598328720195,0.030309298936281606,0.027601065438319788,0.0341027972521367,0.02804411352038902,0.02884565861735083,0.03129971730947044,0.038865460311846435,0.030547364171484664,0.030565375072050736,0.02479969275653119,0.03420554874651049,0.03996151115224573,0.03975801371741746,0.02772746745661281,0.026396971942927117,0.028505608165008765,0.028889515360724365
2014-12-01,0.02748349622745346,0.02833105395937806,0.03494046565555528,0.031619017192609775,0.03600572131524921,0.02891383241107154,0.025787789406427203,0.047151608885745905,0.037623413844846416,0.03463485829958832,0.04160115181513557,0.05725892945566104,0.04162160989438647,0.028896623587293245,0.02761178553514675,0.03459291101404618,0.026477373343141593,0.030814479808220517,0.029990315902896126,0.03992801364035333,0.03029673865138828,0.029498153442295373,0.024572335509132053,0.0338046059350479,0.04003728869531123,0.03785206868785068,0.027371225427622835,0.02984280243392886,0.027038534878289517,0.028401832926509663
2015-01-01,0.027542680712929736,0.02618509492032277,0.032350899382883165,0.03369672028674385,0.03641531414192997,0.03328150283469343,0.02653078032322038,0.047292132489048316,0.039857585297365515,0.03367674309600693,0.04532891029175533,0.053466321461199645,0.040337741250774536,0.028689169721241962,0.028102316788699424,0.0348437296037956,0.026950979484471244,0.027972811614217642,0.03078226718615103,0.03927239410189595,0.0304482210478317,0.031008477741391906,0.02650395243051597,0.03347333178737982,0.03853531902282537,0.03871945370321355,0.027356659987110257,0.028506173854953323,0.024784037819623964,0.02808831536939777
2015-02-01,0.02716833219068241,0.028140057916775214,0.034082619119935154,0.034034530551739675,0.03631930783641109,0.03137676545625845,0.0278072208356157,0.04537968010676423,0.03870571044963163,0.031175192954931798,0.041233719612986844,0.05318908837573474,0.04045269763830026,0.03044166478028183,0.028329271475128707,0.03453241217582903,0.02670832205803166,0.03107086171423509,0.030422665478999734,0.03947369780398198,0.030382326685483123,0.031330080265514905,0.024876610289045968,0.03329337441532705,0.039703243033234345,0.037187666162206034,0.025895187498071986,0.029232023452954656,0.028105057754442133,0.02995065049483933
2015-03-01,0.026908596393771415,0.027572740082560082,0.033293670443588164,0.03281311765315805,0.03572840808614857,0.03134549921106177,0.027839581116676893,0.04802102772015539,0.03765889628871483,0.035364609190562134,0.03944909223425092,0.05355164295612635,0.038659001284267906,0.029818219848050487,0.02910705761910399,0.03404985772223428,0.027256792718593752,0.031717083686273295,0.02953765629718327,0.04329883743124275,0.031182057121530816,0.03248815734118474,0.025380664040200226,0.0346919771175204,0.0387084767249769,0.03779197338080631,0.025828485641612033,0.027652285687573337,0.025148513757177,0.028136061865003757
2015-04-01,0.02718864869438309,0.027697984228529586,0.03292912445795365,0.03275436857481476,0.03655244816066793,0.03160847742800789,0.026493928207990045,0.048686729258692635,0.03862688096129367,0.03155489310701107,0.03824286575640001,0.05334813608049799,0.03854317807835216,0.029985723511627097,0.027202058924876597,0.03472429060103672,0.027009684096587338,0.030267309144107964,0.02982521823098943,0.04217991271186464,0.03188487762403717,0.03363016480870014,0.0258196747057083,0.03649214504759994,0.040415161320454134,0.036758752548745194,0.02654069599024638,0.027672798354169966,0.026539517624134895,0.028824388966653455
2015-05-01,0.027053233798366823,0.028712935845515417,0.0338172808453725,0.031864413408064715,0.036748003556353555,0.03195687143646997,0.02679574092627762,0.05208610563755648,0.037209378403617405,0.030255410143621504,0.040608898732404024,0.05274152763533911,0.03969388563657584,0.028970827890780156,0.027088831343178812,0.03404933727041797,0.026658369417649024,0.029812188585565835,0.029841463735572043,0.03776203935825116,0.03142185919339435,0.03408218198328452,0.0259204991930464,0.0365821599437982,0.04054668606525474,0.0382021208879308,0.02600343202511718,0.028266217521694996,0.0269655712420525,0.028282568000439948
2015-06-01,0.027766928255144093,0.028056363862421777,0.03479742511099687,0.03317050272598863,0.037408734694675164,0.030999434271344432,0.027061199854369517,0.04684415464158411,0.038123587694295025,0.030668507618898593,0.03856145199540037,0.053706267617642876,0.04159860197758233,0.029595231092086546,0.027269714074830215,0.035648650526448535,0.02709407463883636,0.029439047255173878,0.030545672881796403,0.040366562104473515,0.031157846606440016,0.032219175477270726,0.02612213520636713,0.03486872062680346,0.03893590628328147,0.03842144423392084,0.026635707714629395,0.026799796051656208,0.02685104144702631,0.029266151949901273
2015-07-01,0.02823240009005866,0.028641812813605408,0.032287959730030354,0.032144637057000075,0.036807859888260006,0.03168860521422282,0.02748120204732082,0.0444435872294825,0.03786875260610391,0.03171621295964685,0.037586137839961495,0.0559817362051595,0.04180827825489426,0.029204668709715803,0.02928909699563184,0.0366919782173879,0.027458136132544598,0.02877674467669279,0.030202986266846144,0.03998402016574032,0.03152604987383388,0.03128446646513052,0.027533514146801587,0.034220621892396004,0.04040180064584418,0.037835615915840975,0.026065554646339684,0.027901775722989172,0.026546017024718063,0.02838780975706267
2015-08-01,0.028370705944720187,0.028353512837707685,0.03486895064326996,0.0322904323523273,0.03622850396622999,0.03087583329168868,0.028620188662079635,0.04399910589211626,0.038112424262157996,0.032773044025999475,0.03902371638973138,0.05425188107789678,0.041196871939405216,0.02973150920337568,0.029663831929949497,0.034341603679956124,0.026513164165613806,0.02906951020809147,0.02986590411962975,0.03839072222182873,0.03132833241970239,0.03154738592443999,0.02599894936917305,0.03356089093861823,0.04178293043284671,0.037329832564002116,0.02690695144074361,0.028189453887153684,0.027607063589266272,0.02920683148738086
2015-09-01,0.027141785428082158,0.027765946647087602,0.033719519280855384,0.03018483227891166,0.03472672565650892,0.031220583237724135,0.0289551076294093,0.04386454460149836,0.03905776257985337,0.03197295253040477,0.04156183448013714,0.054635749059589546,0.04004681636741094,0.028630503970119174,0.029299633311629516,0.035293899733416255,0.02630968336793763,0.029779620238573615,0.03058879273872704,0.037712175491990775,0.030080980618387262,0.033079384192438895,0.026350106776355374,0.034904438865571354,0.04154948151883093,0.03685929033305036,0.027708733215630714,0.028889441980064157,0.02905021253023338,0.029059500877483192
2015-10-01,0.02749234528685445,0.028345516163614047,0.03351614124792371,0.03313261660020086,0.03571934175011528,0.030638374205377673,0.028654540725801605,0.04448931935077334,0.03970009291033217,0.03209097428935507,0.0419158961934135,0.05502925606566882,0.0405863890529654,0.02867326407253411,0.0287638205521515,0.03527024363576834,0.026478068274263758,0.029698230928232483,0.029632981706501107,0.0400114830294316,0.030398433075369116,0.03298681832304142,0.02565605054285067,0.03360321150285391,0.03938618544982341,0.03702699162509604,0.026606605379407927,0.026801314204675717,0.027583380553734424,0.030112153594187258
2015-11-01,0.028856954837935808,0.026613144367636787,0.03434421016313767,0.031751629512128406,0.037874478957147045,0.02988894529813625,0.02777732715996184,0.044870156555813334,0.03803670339398882,0.03182481559296808,0.04084947358215655,0.05421555699641949,0.03952958964678893,0.028333160782736632,0.028629880081299436,0.03641286411143527,0.027150318883606504,0.030039756325352867,0.03021892529755128,0.038114892774417326,0.03100453100771854,0.031209566842492837,0.02693652861114034,0.03435500121593761,0.040463835237356964,0.03837354465037057,0.028250294746714387,0.02776134741734837,0.02730894286004317,0.02900366207822202
2015-12-01,0.02739123547796718,0.02854209785259039,0.03262007848011442,0.03183892517092443,0.037219874600631815,0.028587688040375835,0.02550271710782776,0.045204133218066066,0.03828598137407727,0.032051779913194904,0.039530059608610564,0.05496290856978299,0.04031171958888172,0.02768109215926689,0.029045532137798275,0.03679236571561478,0.02823009677018157,0.029064130040407945,0.03140280825409695,0.03831037580305126,0.03130012575272237,0.03209939298876436,0.027387991696271197,0.03435553180825361,0.04034402561385934,0.03792127697426282,0.02816248040544358,0.0292385065497022,0.028176204834974676,0.028438901478930276
2016-01-01,0.028792364044740698,0.02847529854187366,0.0341219592146555,0.030002297577457315,0.03689944863126634,0.031566705540485566,0.026934567525119805,0.04414833454843808,0.037191215584581036,0.032623196132802366,0.04539314079087816,0.05544725927275648,0.03920998080512739,0.02845128229006932,0.027512277359298423,0.03817151377915092,0.027407840148847725,0.02970714522569478,0.02980956648630121,0.037140301364663474,0.030240420976953793,0.03101558833496564,0.02734273015495911,0.03211807681398005,0.03693840966728979,0.03789841699527496,0.02875232150700047,0.02716405972179795,0.028855479130249797,0.03066884024946369
2016-02-01,0.02732207671343017,0.02944150351411303,0.032586066487237574,0.03367248758539524,0.036628509102779074,0.029514435236988518,0.0277883586381539,0.0465106469780257,0.03904148062938421,0.03079426855694947,0.036994963189005706,0.054328358235411954,0.03950507484134692,0.02989331091176341,0.027632370348726325,0.033886033803921835,0.027378498165678184,0.03181050653465998,0.030083207778956823,0.03821212918824598,0.03071625884943722,0.032092895970483495,0.027600009768638155,0.03361612695844988,0.03976382301761912,0.038226039584485755,0.027004057975012225,0.028698752045775332,0.030111509312132186,0.029146279713323387
2016-03-01,0.028330872996241832,0.02936387980843765,0.03423759073278644,0.03213616526873843,0.035857316834926274,0.029928476395494796,0.028755908957297932,0.0454591430315355,0.03855325907343795,0.03567375025006594,0.037168599920832227,0.05466332832512042,0.03844202875955014,0.030090102755222854,0.02868860001984165,0.034226152252791874,0.02679201006430207,0.0296145340346712,0.030089472771820044,0.03957482685172205,0.03027397204103954,0.03286448425124331,0.026592276894087715,0.034533792003820264,0.03987443251593676,0.03614486850764476,0.026860741223105583,0.029729573721025596,0.026410384671652694,0.029069497184429572
2016-04-01,0.0275698678096079,0.029087177377708804,0.0342265976323226,0.032912437065268176,0.036617455486386806,0.029071369853455934,0.02790102589101034,0.04807079176515375,0.03966721627679127,0.031092710353212417,0.0361920884435,0.055284986298574354,0.03951686883254532,0.029387896652662587,0.028436151221083922,0.0350772961370558,0.027741028696597923,0.03085246507162417,0.030214913285773134,0.04017443137262098,0.029872289548847054,0.0311233429555877,0.026948283933511123,0.03423627246536917,0.03849504037477995,0.03774790832607306,0.026936935412670844,0.029003128466479268,0.028216389653015077,0.028325673960987955
2016-05-01,0.03020566612168773,0.02913679846170318,0.03258362801503837,0.03159197993281381,0.0361306975486234,0.028595423884252805,0.02766646307124475,0.05330532215461014,0.03798300391266469,0.031552247868632664,0.03733551371513189,0.05302751776045452,0.038641840689781125,0.03081377374186125,0.026716582264809687,0.0354042309575876,0.02665527479982273,0.02884157026209108,0.0301862751631084,0.040733097747715885,0.030335560509761227,0.033135321366596825,0.028136109090595898,0.0337844712377681,0.037368215769771375,0.03762036627617377,0.028598145603295905,0.027227596777994332,0.027613094474271845,0.02907425233920469
2016-06-01,0.030462870407147662,0.02765893893329106,0.03312812763513576,0.032775529188693975,0.03829803595343107,0.02886766930301348,0.02737349488149107,0.05208992256629476,0.037056252463117674,0.030707825954352484,0.036673353821167064,0.055517054845041554,0.038441372082506316,0.029086100086219188,0.027257044071616568,0.034587051049851034,0.02637609585194688,0.028468617050946145,0.030156463725947106,0.0389307199364305,0.03328860493080904,0.03345888358006169,0.028568144233061733,0.03427478097568944,0.03712574416721003,0.0355033824595991,0.02780209262230631,0.028480308648033168,0.028089007403282885,0.029496550435912875
2016-07-01,0.031148587011467162,0.029117484487302725,0.03250394592329663,0.03249584062061613,0.03739501825220044,0.02911737465602039,0.026793849831398955,0.049990381043886284,0.03636058074340848,0.030039633841024413,0.03744476565426636,0.05567380918886462,0.037634375213988706,0.03145490552996549,0.027464010505179774,0.035864425899620016,0.025865824695035157,0.030275421623925783,0.03244768888005279,0.04084360310225859,0.03068963846413516,0.03252609501780218,0.028066945951357242,0.03233446055048315,0.03735813868587835,0.03412370050435264,0.028431748436717967,0.029275480439712395,0.0287263206834144,0.028535985184974716
2016-08-01,0.031143669284006654,0.029840271993549213,0.033422696113894326,0.03421366982258302,0.03587311996330487,0.028270408453515767,0.027394185090414132,0.04562455902682119,0.03848112305318036,0.029989446470967986,0.03798421369972351,0.056861877926650234,0.038277912232702695,0.030114989304206703,0.027610139143425173,0.03498669048737692,0.026659977358853896,0.029304674894042176,0.030394947352984793,0.0442338583590122,0.03149012317764001,0.030511709839755312,0.02566728747983719,0.033125957137391845,0.03864099542514892,0.0349414429679749,0.027827959868161053,0.02915205654062381,0.029766282211580893,0.028193796984681812
2016-09-01,0.028661529263600546,0.03036265034931863,0.03341213461330331,0.03154319874967944,0.03776995795600358,0.029376621732090838,0.026901792657388523,0.04541235455296267,0.03862930008392477,0.030400182127828034,0.040052753586171885,0.05410887116461904,0.039449213406724914,0.030656965489196157,0.02975590507460496,0.034508142364463215,0.025889094749917966,0.028559344401628863,0.0313692826667806,0.03960766397112561,0.029495199708013467,0.031733533542973216,0.027316536505284445,0.03387533558354939,0.03825795165571726,0.036894781993758834,0.028872802011089924,0.029326230279676388,0.02782237226951175,0.029978335960314864
2016-10-01,0.02997499565837654,0.031748157712447385,0.03555009358147852,0.03168519640533687,0.03789158171825538,0.029785824661085827,0.03053581794282971,0.045831768930238034,0.03726374814976337,0.03112547622335156,0.03767094768921731,0.0539384474797219,0.04052524144146533,0.031039456907189737,0.02750628248995269,0.03628113911126869,0.02529859504146779,0.027226704093350856,0.030024950460135563,0.03814016192475561,0.03178865251687819,0.03210367696093661,0.02802985420701122,0.033894121950459245,0.0387680511006831,0.034675942909077384,0.026131892136887602,0.028879357925086935,0.027691637539441722,0.028992265939316298
2016-11-01,0.029211133413126453,0.03337737316976188,0.033497124508088755,0.032334506097999774,0.03686098564295852,0.03139839134862889,0.029299266254856803,0.04676158468159813,0.03644314613242772,0.03050141752155335,0.03686854965967307,0.053703482115438676,0.04141228648419671,0.02961729108759538,0.026420456027377547,0.03520128152044589,0.026413262262026598,0.02984220549260142,0.029665094386414608,0.038228569925440596,0.031017687433084758,0.029509017893927247,0.02695577567194239,0.03233542020633689,0.03936085975953574,0.03544758074080765,0.028399980983766174,0.028952928846043276,0.030760922837958275,0.030202459222206865
2016-12-01,0.026638680195711466,0.029902961917120482,0.03395206899085302,0.030719209499367066,0.039637916644202784,0.02965014568943866,0.026550523186964818,0.04445023075704358,0.037303195989306356,0.030474140706498534,0.03891015784986667,0.05478601211986554,0.0409481822379931,0.033220715444844756,0.028250117343844586,0.035302661543422396,0.028040483281979254,0.02832360602601805,0.03267381046902172,0.038725253924235224,0.030907105272684945,0.030208934246567336,0.02653541040184064,0.0327234313283111,0.039138056605696844,0.034738054183442536,0.029727940662855015,0.029652204712877633,0.028639836165365286,0.029268994835701098
2017-01-01,0.028291201510221815,0.03510280341455122,0.03495993859470294,0.03158020439373486,0.03489733219177015,0.03116820926063752,0.02634125574943698,0.04529247043558414,0.036923229461409614,0.031979891202768417,0.044468472657982656,0.052136492388459243,0.03954702790695316,0.029696772235438106,0.02763430538705896,0.03770766439330247,0.026522430174840177,0.02945164921075146,0.03221472146388315,0.038092691676696225,0.03132633690275555,0.03085579215536313,0.027844275757771358,0.03161852511736314,0.03814027325621223,0.03448703484205898,0.028500678967230204,0.027718524411850708,0.026945453318123654,0.02855438555775054
2017-02-01,0.030218730163055228,0.033921093142328634,0.033590912940154524,0.03234561746799932,0.03689396016312284,0.02916480243279448,0.027110989843649767,0.046649229008012695,0.03797694837217532,0.030692859891902548,0.03990581978998375,0.051357100960698086,0.03948507705680191,0.029685527120554566,0.027447175917107443,0.03600196230599147,0.028239076419832972,0.02851385950435463,0.030368265988598906,0.03781387455427161,0.03169456638634414,0.03180529739605301,0.025930901978713658,0.033614152538854844,0.03947687763223208,0.03542510962381348,0.028087365698249028,0.028729452647117095,0.02776236120571336,0.03009107218271786
2017-03-01,0.029222170904957705,0.030151837080447455,0.03301958335818959,0.033435060604082974,0.038064870349080154,0.030695309332775568,0.029477755988842266,0.04788357249849115,0.037772395184938884,0.03383799608255137,0.03927537321748753,0.05006018410397623,0.036583893544604854,0.030537845330738816,0.028595451677938043,0.033290608117248474,0.02615372574400276,0.03116093321267052,0.029794971976759767,0.03752759647587526,0.031392134451543895,0.031578236417887526,0.027186702979728174,0.03383790104216887,0.03895309343950302,0.03457162771755693,0.027896414804088606,0.029898134810825254,0.0282968731084605,0.029847788308948728
2017-04-01,0.03030874922565474,0.03312014012719577,0.032623361369273456,0.03181098992010816,0.0382177248842885,0.030467245845880942,0.02644635787546711,0.048403441283151716,0.037854981339910776,0.03146950025662233,0.03959870232438114,0.05067466038290092,0.037919931789769566,0.03002209451000842,0.027215408645083036,0.03443607065523716,0.02569668249070606,0.030539722158818512,0.03227049398654635,0.038767046939908935,0.03337689179488592,0.03524725768478936,0.025282572382647424,0.032205717757827254,0.03791334489792086,0.03398875279480765,0.027040841597306364,0.029672922146021217,0.026688912575166774,0.030719521195956903
2017-05-01,0.028626694715445485,0.032286919483032805,0.0354118448318898,0.03293380573932869,0.03763367081559698,0.030597017929162577,0.026733834556265438,0.054356041088556156,0.0360528422263323,0.02984889953904137,0.03949473009620272,0.0499827178897559,0.03820619389396103,0.029345482096462153,0.026680751885628896,0.03452772654415935,0.025562285499459082,0.030208377169361967,0.02949842416837274,0.03782546575529737,0.03297146374961628,0.03203630277138281,0.028149597861267785,0.032600369388720275,0.03975214218733695,0.034099336231320006,0.02822295475994947,0.02989379475996475,0.026209329875621606,0.030251022938310616
2017-06-01,0.02880518864284043,0.030432705734649623,0.033355300412658315,0.03259921895749886,0.03801851861930969,0.029597682115346604,0.027928094935592507,0.04777214015040579,0.03688563704904266,0.032917449240596044,0.040411523033424095,0.054566730662891305,0.0377950552309473,0.03038572322699893,0.027750095368218916,0.03581235598655814,0.02620880381772775,0.029047758113107947,0.03190180820742391,0.03799615636507868,0.029646374546219618,0.03238841961886717,0.02863409326149359,0.033254346037031576,0.039519321756754044,0.034298433442307694,0.02813878536415479,0.028186602989090925,0.027511416119820477,0.028234300809765484
2017-07-01,0.0281398228571722,0.03292924133688212,0.03419112379419984,0.03195534540351593,0.03736341383127552,0.028611537716153896,0.028901348808046543,0.04441568580924562,0.03852393279134324,0.030725543580723533,0.038150083303677314,0.054016193662628983,0.0367925562136101,0.029328066942366688,0.02914438955756751,0.03595661125806245,0.02769159879388683,0.029606828315239964,0.033085896489520865,0.03728299593428771,0.03070457265390591,0.031103644087233328,0.02807011684527,0.03249083920477918,0.038899573219770736,0.033934406800477795,0.0299171502339569,0.03084845010676619,0.02823387644665711,0.028985191915974474
2017-08-01,0.029664178747444165,0.032448064365962884,0.03403019962474639,0.03168470120050216,0.039009581021768436,0.02902134864521357,0.028613074116697026,0.04505191176330799,0.04142904602324568,0.030059547183796862,0.041255038015460856,0.05445269241154835,0.037229676194178635,0.029427358745065454,0.02850408191861093,0.03685779894432908,0.02558198642349316,0.028898279151277483,0.03137471280057511,0.0384293927225519,0.030098976638371883,0.03145489052878546,0.027423297766187654,0.03313702067778514,0.03838764789517867,0.034662323078095,0.02878773515960033,0.026713538106912897,0.028568973799629836,0.027742964788567054
2017-09-01,0.02747446343453382,0.031585763511704466,0.03299134299318836,0.031174363521174253,0.03818160612683962,0.030015904333798544,0.03246065510742768,0.0449769116445061,0.03916324476149919,0.029029330179350925,0.040670801640953866,0.05222892714527381,0.03920113155367218,0.030529732780540178,0.027944810251824045,0.03742216710234061,0.02729803978844418,0.030536883005954543,0.030785448510455442,0.038104672430256635,0.030701792759902993,0.031812675888239245,0.026235867410843425,0.03395164962104686,0.03959403495559944,0.03552464597981752,0.028301929452858282,0.02613529140408169,0.02676006338933446,0.029205888178765627
2017-10-01,0.02813032405327315,0.03285957308972791,0.032501610042377956,0.03109625340392273,0.038227849004134375,0.028800356866138792,0.029235329798611407,0.04703200837542562,0.03663549315144832,0.029695115820567917,0.03974630035319366,0.05883701026206204,0.03991536536641638,0.029377802988376892,0.0276483519855531,0.036661609444769996,0.02595017481466138,0.029374120095200136,0.031025258919360636,0.038484025045506916,0.02984611371354228,0.029790263196286627,0.026267034817503546,0.034043101011344584,0.04186424418645981,0.034169701378183134,0.02846647162117246,0.027776002881728167,0.02756998452486398,0.028973184704740137
2017-11-01,0.027935558890610803,0.030630674148802627,0.03237557637243247,0.030974364568006927,0.039329746096055065,0.03143497567777768,0.029651366053084972,0.05127887108791463,0.03625619293752753,0.03015294680215116,0.03823169271345993,0.054883171150827095,0.03824891199045942,0.031203567593490758,0.027765268384027934,0.03585474363850509,0.026388234039994223,0.028778467555377166,0.03082468141453686,0.03722184340882114,0.030244428850425366,0.0291313552776258,0.02654457224370972,0.032271967827181176,0.040648779052518,0.03548778114078894,0.0281588486945639,0.02712482917406381,0.030461356696762757,0.03050526479856263
2017-12-01,0.0269660246247853,0.0329237749284491,0.03404347700074993,0.03011572020484873,0.03774917613543068,0.028888807100176515,0.02807215103958536,0.05025937932745514,0.03536718225128661,0.029291317775552893,0.039856835054477534,0.058320399360705696,0.03945992743837975,0.029735222144285797,0.02768909146424564,0.035723784204254254,0.030296364464121234,0.027762251654395977,0.03017368989745782,0.03611041721829824,0.030672311379302507,0.03021121145158709,0.026802038119820196,0.03355801324540066,0.0421171721046038,0.03373512109489577,0.027295017250908767,0.02711307876389195,0.03046892352528206,0.029222158006185717
2018-01-01,0.027324023087062162,0.03134680552625634,0.03137928430533609,0.03017403299604464,0.04061313548113585,0.03070961065218347,0.026236729141740054,0.04637962129732128,0.03627129791115362,0.02908207460287427,0.04719798468169525,0.05556011284184262,0.04093758783883501,0.030006830038239545,0.028200088824654107,0.038324399987531066,0.026877080872111075,0.02992035970821057,0.03198720933591382,0.035302763613214064,0.02897459310501092,0.03072984861370668,0.028967059244894296,0.03280255688952595,0.039967652444876656,0.03443987289222369,0.02786876332056823,0.026578257439130275,0.0259557363596345,0.029884668020129835
2018-02-01,0.028559955811908847,0.03044686955726974,0.03216797883858996,0.03179542595205449,0.036308027792719806,0.030326922552821507,0.028350089007085605,0.04849028869137273,0.03599992928076623,0.02833820318130327,0.036508587233458296,0.057740526134802565,0.038971637008412885,0.029576005756013112,0.02927300399409245,0.037797893651333625,0.02598937280395393,0.02991992029698404,0.03210518844954591,0.03679886418154825,0.031148008702037117,0.029696993289332164,0.031308695734740266,0.0327532865416228,0.04164870015473107,0.03504335895792496,0.028910986318218083,0.025605484512274696,0.029237026380608405,0.029182807307644578
2018-03-01,0.028144438832121168,0.030890771199943278,0.031359468032741485,0.031519870996463605,0.03776911018259452,0.031007997090918574,0.029070270580787545,0.04840940674679768,0.03693632847651754,0.030406499422143702,0.04083366204331979,0.05373476397027329,0.03744927324376915,0.030607169256966733,0.031154883839940292,0.036148094400771255,0.025561463726508256,0.030375001720673638,0.03181181522715535,0.03831190261588066,0.029422413025306935,0.030816262305942664,0.028210542113796117,0.03224338706884835,0.04134094515324545,0.033654200638743144,0.029345625297025064,0.025818971038593673,0.026366066102184386,0.03127943712171446
2018-04-01,0.0275103837826413,0.032034814654630206,0.03266333399605362,0.03168655894202829,0.03719438847055602,0.030398686204782942,0.02775350850974242,0.0463884732594262,0.03714783222871531,0.030522832391340727,0.03794036421323486,0.05385594387942521,0.03821927754535168,0.02983227029897594,0.02873309523828918,0.03632474952162458,0.02684751274889131,0.02991983007546297,0.03231781887759982,0.03595075634034624,0.031185216741204384,0.03430825421729913,0.02772728577017402,0.03295095721617914,0.041713947601483954,0.03612853163969432,0.028147681969020403,0.02796113440367482,0.02671050698505085,0.029924090197559507
2018-05-01,0.02711561273651686,0.034316090585905304,0.03385245764479309,0.03228619898705192,0.03585300369007535,0.030314905077947804,0.027682229223125594,0.05036583682946793,0.03562877687406074,0.03188903044737334,0.039781289632193094,0.05401895246971589,0.03967075430332346,0.027338681239186976,0.028034197386589934,0.033759762855973915,0.028019536230620486,0.027330332502319227,0.029338489355569337,0.03835632467992927,0.03319764149208759,0.030997326207440116,0.029386127394894008,0.032581607353597934,0.04350525952034619,0.03476304770762558,0.028916764974544706,0.0266183989385514,0.02681630466809652,0.028265097102602728
2018-06-01,0.029042050303916527,0.03422888518893423,0.03296561659241209,0.033301807184752,0.037032588203984224,0.03487002630728564,0.03191084710988332,0.04462849339559615,0.03663211062016558,0.03001813921140839,0.037817185217752194,0.05340135197153075,0.0396502184419857,0.031089339006385233,0.025910715830857124,0.03448379359341544,0.02762871143987831,0.02867378972987928,0.02970814841860405,0.03766910349356292,0.030495166224869006,0.029587936691433173,0.029576730482389575,0.03184423958998316,0.043845468650111595,0.03427500423736677,0.027521613643674968,0.027024519694816642,0.02644516600957603,0.028721272416410728
2018-07-01,0.02876727542583478,0.035954326136884075,0.03371168204474303,0.03289949528107029,0.03766710475067991,0.03063053350649563,0.033555038371340426,0.04280200708670286,0.03647188933830935,0.029187278350410902,0.03584996045614767,0.05648997115024012,0.03674969794391129,0.030947208743833256,0.028515999619805082,0.03548163050651968,0.02774112360871005,0.02888713433005902,0.02919771857288034,0.03658020808096482,0.03159896016796299,0.030268678167599983,0.028632699651497156,0.03238731376402781,0.039143920154357366,0.03254702809930683,0.029506355109135865,0.03066333553820107,0.02638999654687483,0.030774468038852195
2018-08-01,0.029149697962136765,0.03221094372589911,0.03711684267207048,0.03204570960532764,0.03787605756665047,0.028243291115337694,0.02633569936857393,0.0452323295252998,0.036439903691540765,0.03020133500519608,0.03953071674354014,0.05465741702899724,0.03765604200079122,0.031904079818849615,0.028426731187562154,0.03509913725638817,0.026567791021096937,0.02913578318672776,0.03194373743630585,0.03790754717862654,0.03103150694698113,0.03177349249982971,0.025404167111683747,0.03332472960008341,0.041063023692353186,0.035228103856141585,0.028425526864323085,0.02571234979981242,0.031225376484399922,0.0291309653747818
2018-09-01,0.028826183318491985,0.03374915718610931,0.03210527616406153,0.030451630655160582,0.03709922692690761,0.029025142526604774,0.029299213238685073,0.04630322453701597,0.03604639308398226,0.030214176136821865,0.04225905859410386,0.05659758122433386,0.036411369208268776,0.03166888880959191,0.030355787476002972,0.03584916315940584,0.028209840632071662,0.028392554285266224,0.030847087950481033,0.0388128547836281,0.031295894164931594,0.0312673165109715,0.025843755226038243,0.035103769816460705,0.04204278088565755,0.03330474531312714,0.026614423094878714,0.027126421905615313,0.026092703053907443,0.028784416647874567
2018-10-01,0.02944630286646361,0.03470646954840689,0.03605267632806152,0.03202045314256392,0.038003359340800534,0.028101009432268533,0.026487344000949486,0.04408282725657759,0.036235390973965706,0.031056854395572014,0.03752771950945181,0.054357593532525325,0.03785314332589102,0.03349189581807613,0.028508880719988673,0.03467146595248544,0.02909428343444885,0.031205770945739317,0.02897255961392547,0.039823615460565814,0.031642178866842674,0.030620715376575843,0.027214612066290483,0.03375317457650202,0.03926424049791387,0.03387707416104762,0.02604686003548269,0.02801085773427489,0.0281896142633629,0.02968109341744041
2018-11-01,0.02781898102277478,0.034251979588210545,0.03561096195959013,0.03123892701823301,0.03656833572243957,0.03146383405250167,0.028381278547296346,0.046186754022512516,0.035724474768504086,0.0309668858489894,0.03899603394208265,0.05646555983316604,0.03770848959706526,0.030681099551844785,0.028002383990516237,0.036335511208400284,0.027641940075037886,0.02889538028117113,0.031015338931413252,0.03542998415223286,0.031146276741942994,0.028906274524606253,0.02929301158235102,0.033950275209531026,0.04126006976731505,0.0350860408990534,0.02757568992624503,0.027269790684452618,0.02765798682184658,0.02847048671489098
2018-12-01,0.028072697122193194,0.03349150006875098,0.03430027840762426,0.03209176224909398,0.03710210571330259,0.02959581729862908,0.02733708574070556,0.046269782036432595,0.03524339980591257,0.02997734319476575,0.03871407062449471,0.05757746016048309,0.038031712036199324,0.029260508043293068,0.02694617124201301,0.03616762828932514,0.028402333352735457,0.029942226485534674,0.030635691951370236,0.03824859684013343,0.033661332149279174,0.030132604455802837,0.02977335865769279,0.03357513606559339,0.03907344863197865,0.03299125590169324,0.028292907291966773,0.028780216529695174,0.02771529192098042,0.028596318442013244
2019-01-01,0.026751342633225404,0.034326361516925696,0.03113024685879091,0.02920533699924101,0.03949938324827731,0.02987074435841811,0.02615662086697879,0.046053591166813346,0.03588951438826862,0.032046600117762176,0.04435783194604508,0.058418388976092125,0.03974447758689002,0.02817946415084461,0.02797271886545383,0.03722328090047843,0.026931276627450804,0.028022652532652414,0.031245696989981593,0.037310076249448286,0.03212619843593744,0.030645284199773533,0.02919386104313713,0.030556878086435278,0.04032600461210631,0.033878966203901816,0.029115103081577484,0.02769707128391996,0.028017798657655878,0.028107267964844234
2019-02-01,0.02972918456693333,0.03470424336950289,0.03203910883086838,0.031217328105397506,0.0387832896329116,0.028826488309275356,0.026303396660669158,0.04739643149524192,0.03545273436952732,0.029919597772137117,0.03768021010231277,0.0572941405101403,0.038718377801158464,0.031509176145719235,0.02781189237084631,0.03511039446842469,0.027003588894260043,0.03054059179594256,0.03220550346183653,0.03866812952618896,0.030958192941481333,0.031289603563788244,0.026531942325747238,0.031920291324572046,0.04089856359528783,0.03434178768411027,0.029714350059295073,0.02752499544282245,0.027715092121575545,0.028191411645244215
2019-03-01,0.02939928344601204,0.03194908702253254,0.03300480202255699,0.03528785960758089,0.03737248095951838,0.028264754776302074,0.02882909568091746,0.04855829583924146,0.034207302181611145,0.03561281489887075,0.035631737818696635,0.058300820255215074,0.038530617806992296,0.032216326732454996,0.02698842871084983,0.03337019479890879,0.027383238324948187,0.031065087708739097,0.03136450337050808,0.037679433637297095,0.03298731244474451,0.029300985790590775,0.025649850386754297,0.03315899645918965,0.03984836641568908,0.032825798977370965,0.028294904936979,0.028144489309305756,0.02632905587836009,0.028444112147423074
2019-04-01,0.02681539885382703,0.032798464404969196,0.033475221659661714,0.0323549069435995,0.035636320576848235,0.027718305407415066,0.025252122816881935,0.05846000134775645,0.03547627955951869,0.02948081947015407,0.03721277089907059,0.05942261841428912,0.03782104852307404,0.03333550360016162,0.02633945454446699,0.036093824337180495,0.027105539491224805,0.02828471899654594,0.03164977626455226,0.03873248009687559,0.030286061352141017,0.03164631858860333,0.025076997654631415,0.0335522463842098,0.03938414741259134,0.03334458479593957,0.028599229616405535,0.02952875355120884,0.024962373081731735,0.030153749562703204
2019-05-01,0.027226100696801057,0.032283001174152746,0.03263269652822901,0.03061373213050066,0.03529118436666744,0.028784193301287966,0.028524140589745454,0.07066019322740806,0.03638560246605585,0.030467237954397243,0.03991262007292837,0.05559881740730803,0.03623698610535824,0.029952346709061054,0.028933371649981488,0.03409260412557477,0.025263682288363412,0.02820377062188129,0.030846750408434567,0.04013228674329476,0.029092715175654652,0.029087989159387435,0.0251688336996188,0.031253415146345304,0.03996878138833089,0.033842711237451945,0.02726451316333448,0.027352031379331957,0.02653428309554408,0.028393447791677892
2019-06-01,0.026901652237662017,0.03433961870758731,0.03197044280276036,0.03022586150101014,0.03806244881962316,0.030798552484740956,0.029725495283602903,0.045071385645447284,0.036865202440915415,0.029671901869435625,0.03738330761780112,0.05591570830562087,0.038572386950172476,0.0315442252712926,0.028898540558447147,0.03780514368569519,0.02777231146376901,0.028864219627637848,0.03269413616890747,0.03790021141725317,0.03170685648957768,0.032742411284125195,0.026689397576352126,0.030801235047569632,0.04059570123822994,0.034078457595273,0.028616873676187506,0.027858008822165964,0.028239341472696647,0.02768900212813012
2019-07-01,0.026484665074140785,0.031023761622182545,0.034003392035117895,0.03251203938860199,0.03647777528350615,0.03191350654968796,0.028311597870073087,0.04546464696666114,0.035088102649237826,0.03226056998808817,0.03629476136065976,0.05879812990947559,0.03680773632874314,0.02910255408538816,0.031672722817840095,0.03633744097079463,0.02663093384136963,0.029294177629860377,0.030669740752095147,0.03838497518612044,0.03041052580585376,0.031226764923879147,0.02841794683353706,0.03461049668889156,0.03930419622979682,0.03355046154546365,0.027483186527994457,0.0309753607383562,0.028009148587685,0.028478719054597396
2019-08-01,0.026534210753025058,0.03200124583026988,0.03487477933214028,0.031561102124250846,0.0377929893086068,0.027211029259465908,0.027301137240983916,0.04446319303082039,0.03840848557932364,0.03155937217128023,0.03754444969512075,0.059309935325909946,0.0384687230765537,0.03043006873940951,0.03082112558539282,0.03485895963111319,0.024725609330780225,0.03060495303997368,0.030539818083797417,0.03693983126797547,0.03329393738275851,0.029713710062294098,0.027497111275177757,0.031008711059177543,0.0406106159893958,0.03650470860043835,0.026868093468985575,0.030571225786009532,0.03098795186605871,0.026992952826098895
2019-09-01,0.027328933181130503,0.035207057325959815,0.03346310017954511,0.030145329464414016,0.036419930993322455,0.029282567813489296,0.029623076760656657,0.045056694159231546,0.036714985222414745,0.03209689150918723,0.03987203680421456,0.05471934989500459,0.036046124960834626,0.031027276954472677,0.02939294176334265,0.036767478305793765,0.02687574306547726,0.028251747239468016,0.029962548163101666,0.037674397029261904,0.032616225150947316,0.030969973471439857,0.025905846128908092,0.03220328941474941,0.038869260863665774,0.03548669555327227,0.029421772212751704,0.03096033339905704,0.029165273694133142,0.028473151940259626
2019-10-01,0.02817061305662434,0.03288248554026505,0.03389413800091787,0.03143921427074227,0.03737591786726331,0.029530777595319663,0.027309446631892477,0.04386154986610414,0.03691045556647273,0.030210213837292867,0.03929286393082505,0.060286314846127634,0.03871419120812171,0.03029664438443298,0.028064079540077627,0.036717282258596676,0.02522158925174501,0.02772447077553739,0.028903749232261938,0.038358730088613076,0.032473877218085034,0.0307857265846621,0.02726257700069785,0.0328833755468258,0.03996188177996431,0.03490481110764,0.028584789157108915,0.03124034357570922,0.029072167629602092,0.027665757655971426
2019-11-01,0.02693241313093132,0.03097019756294927,0.03371236334531972,0.03066068264518493,0.037154121044821325,0.028049090253377623,0.028472346588134807,0.04549339984279836,0.037551844854922585,0.030989123297709906,0.041313791581607195,0.05644440589838721,0.038999338831814445,0.03167032876968481,0.026377657794452815,0.03764690625759897,0.026734648180541425,0.028499978106950728,0.02843312386085543,0.03824089445117215,0.034417834749978275,0.02843632718085209,0.02609203702476107,0.032377996976551936,0.039244805946825015,0.03466100367411939,0.03064526347753005,0.03207032167826472,0.029748813822835878,0.027958973141984658
2019-12-01,0.025723247734195837,0.030429348156597875,0.03067055225103961,0.032022574324747276,0.039981966047879056,0.03027400475158196,0.026646349456037638,0.04515046697224515,0.03441145889896738,0.03190659247082479,0.04530853930128062,0.05418537148451248,0.0385394421018259,0.029987729087061894,0.028875312310553413,0.03742035005493402,0.0281727259910056,0.02718666490153811,0.0311621434595368,0.035695082901135385,0.03284399504032708,0.028845204430877656,0.02623462070398506,0.03169856407841308,0.039110700963181866,0.032216802769717855,0.031562426354764736,0.03232696828161389,0.029698092922174835,0.031712736366433514
2020-01-01,0.025242002727330633,0.033326016253368146,0.03176410239407565,0.029100796373345606,0.035470144406439065,0.029599742200431114,0.024962053714532438,0.04565501356178466,0.037183297591753574,0.03139346029988517,0.05539213416623701,0.04851291454189716,0.03786515779519232,0.033985508539233225,0.025728938349419507,0.0392733383257723,0.025191446286133286,0.02862527390997545,0.02960830781316521,0.040042133112013656,0.030738779098940325,0.030024352540541022,0.026152090501751178,0.03208214269275805,0.03817618740201118,0.03275421709065833,0.03654838653953467,0.025964404479533885,0.027117413936984396,0.03252028115398186
2020-02-01,0.027630667313798884,0.03187280145443519,0.030910358406831963,0.032834178293695414,0.03562131380285758,0.029647664390571603,0.026462733215023678,0.046126877904503136,0.037114322061452085,0.031985626326678895,0.0420912725760161,0.05492960998741406,0.03667892787390345,0.03172979360910314,0.02624684761409456,0.03513729762729755,0.024449898392661384,0.028876529476649065,0.03264904568402184,0.037999635185064606,0.030012021600756295,0.02935183911184219,0.02614817024588531,0.03140032730546077,0.043253885265708725,0.03173000319400258,0.04177023395895958,0.02936928222621606,0.0263338662707499,0.029635007017113888
2020-03-01,0.025455969110403202,0.03136804668643852,0.030915635634791553,0.03154507780717651,0.032229957883675865,0.03215463117838923,0.022581735899059423,0.04461971798678152,0.034766520606432566,0.028531320757871848,0.03993552204929028,0.043892169337884604,0.03374378506916324,0.03614412524100694,0.025619908366899972,0.03302177717457876,0.024934148840982644,0.028046912917802466,0.026394478736578127,0.0354824277307006,0.026943562668787543,0.031568359808027545,0.023679440723050383,0.03061777132652365,0.03628184757409123,0.03095768810819234,0.0992690403302096,0.02629447742527393,0.026713786229690152,0.026290198439941813
2020-04-01,0.023795987756633916,0.03238948708547666,0.0325089521924335,0.0303441863866652,0.031947975004823395,0.03293500143032607,0.022829476303171992,0.04588357492629746,0.04097160258062995,0.025336099183955307,0.03989051920930446,0.046853027329857,0.03339340012219332,0.036522724323601714,0.024283862659222024,0.03197540573179476,0.024373806934041453,0.026428685187309883,0.025825330911652976,0.03412516094473722,0.026362058606072523,0.02980302762572128,0.02491328421359261,0.028911470175219743,0.03413521807161298,0.03145038799932934,0.10338187831770568,0.02813683581898118,0.024264568581611606,0.026027047097461647
2020-05-01,0.023212265686384854,0.03300440384616305,0.03317411489032544,0.02990638513428046,0.03498624920016625,0.03162077219183538,0.024225263763727342,0.04469507578430039,0.04325815868445788,0.028740049999253,0.04013681392328963,0.0509628886603439,0.03313551580261485,0.03540507007192053,0.025219750685025244,0.03356622637415973,0.025769563062347747,0.026873040620090202,0.028160064902771544,0.03315051839944855,0.02809945116071145,0.02753228510629594,0.024152857850662766,0.030867399493585586,0.03699452826882856,0.03265482621549503,0.07961737219305229,0.02951935487958167,0.024191645596628706,0.027168132729909672
2020-06-01,0.026164378330500757,0.03267364615873265,0.032063619719989875,0.030905306306500138,0.039905941274225414,0.030436024695720907,0.025313985036932034,0.04500322627066494,0.04012627145150776,0.027532122580319385,0.0382272951069209,0.0562961817347149,0.035747473131563054,0.03498523451517959,0.025423286005660958,0.03360264256315872,0.02624255487165737,0.027796674496549247,0.02821763307266925,0.03498234654622469,0.028673186701893352,0.030066633429040854,0.025419869365419505,0.03191192410265243,0.04019063266874901,0.03301850969280415,0.054105451640820416,0.03140571581952354,0.02609160077462526,0.02747067251925113
2020-07-01,0.024733316739376673,0.03380222214886487,0.0336193955246376,0.030230356501019753,0.03366627183404679,0.03022734662968264,0.023632958603661082,0.042424132990233565,0.042922898730392,0.026464244894083215,0.03736022733487318,0.04642634901944413,0.03526606257445563,0.03995184992115836,0.0271086091860669,0.03362909241149268,0.0264625068606658,0.02942934611773916,0.029292145594924632,0.03668878484127191,0.02713872151359251,0.029431420893438465,0.026063487567196644,0.0310868377696037,0.036420005865319426,0.03383686840225677,0.06881989787984366,0.031518233859512954,0.025479395926469448,0.026867053170436896
2020-08-01,0.025834479676450816,0.0330974017052403,0.033159017122910216,0.030543501334879822,0.03441503474359339,0.03047815460025584,0.02411551291104248,0.04507796379224439,0.04859670494597073,0.027364954562223025,0.03687504867676076,0.04887976976419995,0.03480156471052122,0.03915049039710297,0.027662600889147484,0.032913966463520856,0.024753975612383274,0.027245930223251176,0.02840984868248549,0.0358127002224164,0.02882020841026382,0.028730118311318765,0.025369691835753935,0.029758193403840335,0.03661822436590958,0.03202558643058053,0.06599636078785488,0.031042160145615103,0.02508812801291545,0.02736274824569678
2020-09-01,0.02544676561885464,0.03289719183906599,0.034454041084497226,0.030914695939318563,0.03417736924430908,0.03281847787178016,0.02491975858010961,0.043338778839513585,0.04712655522807361,0.03152029925261059,0.03946933045928306,0.05068995770436755,0.03266863035619267,0.036493668496447786,0.02791386750537677,0.03386657516298103,0.023434501950009446,0.02834867044854456,0.0285029387613924,0.03482537866703247,0.028395335622425202,0.029861452168483762,0.02685981046722676,0.031911314576140985,0.0349785095701615,0.03200349619569823,0.055174100638558495,0.03248201254671218,0.027814404795235108,0.026692154909982474
2020-10-01,0.027052786268072615,0.034908535566354044,0.0347986884985159,0.03062086356744879,0.03383937763966413,0.030806640723342747,0.026138116291639386,0.05742146682064875,0.04408242222119368,0.028611304797949145,0.038566490511338494,0.05143094599781651,0.033683179085421254,0.03460518033278285,0.028645841164346954,0.03215093273927599,0.025359544092581877,0.02767825871680402,0.02930502128624223,0.03417707662921883,0.0267706528430969,0.029512680386614844,0.0262258688253211,0.03293945160017118,0.03701615322981484,0.032370052946711476,0.05080603282250298,0.029207428554951294,0.025965934251976686,0.025303117465611945
2020-11-01,0.02407866841721272,0.03845927078480486,0.03473750370015986,0.02931051165160525,0.03483092327634931,0.029283108464735665,0.025711577387481963,0.05505386344403884,0.04524253602012394,0.028535732291472635,0.03950327884964749,0.052750164036245835,0.03664617419083916,0.034835231567047875,0.02654891279803945,0.03163775486915232,0.02506288424966887,0.02886268251502291,0.028950009217129462,0.03493592469826781,0.027280705931871232,0.028926843323584334,0.025891181297872445,0.029732993441621933,0.03678605535804677,0.03216554545519517,0.048001722676801035,0.029304653809344054,0.02755342314772441,0.029380208107020044
2020-12-01,0.024166589140105593,0.03028374884757203,0.03143822411195727,0.0290994684101115,0.0343868284350753,0.03368193029760186,0.023999831089958592,0.04630454491974381,0.05340038629265784,0.03303941505622858,0.04187662006170968,0.051819269607973874,0.036361554772150785,0.03432512253319504,0.026443512146042306,0.03493663560188825,0.02510277076109153,0.030338878370410036,0.030254653233561035,0.033021354722784835,0.029843393902204116,0.02800200559914761,0.027402251655263513,0.030713616068918422,0.036164262566542676,0.03018990457416493,0.047894419092742585,0.03105730751944302,0.026915786069611827,0.027535759641986686
2021-01-01,0.02550136393742185,0.03670643864533716,0.030073638428615188,0.02920862983454908,0.034334737560958964,0.030411533890665064,0.024240370048922693,0.04358532450588566,0.054484635178158644,0.02917186720784995,0.0487855136990717,0.0511172258827953,0.03881188713557574,0.03505132076167024,0.023577464086973136,0.03493426589811423,0.022898527214352742,0.03145880620436545,0.02908552075105133,0.03216888530720274,0.027362075145439754,0.027234831491005473,0.026801945496980104,0.03041598827249693,0.03657578164696432,0.030915491772710656,0.04991393617907183,0.031122830012544518,0.02728139677757318,0.026767811813467258
2021-02-01,0.025188209294790227,0.03481130113525504,0.03211032718456389,0.029481249390661945,0.03256561420802815,0.030050697540867102,0.027465296731129647,0.04432328001790782,0.056378667553816805,0.028127720141940368,0.04375842896931113,0.053134707880532275,0.036342398945822835,0.03447390447985805,0.025938025949243538,0.036209933093950895,0.026461403514761273,0.030964167379019122,0.030270448730224442,0.034149514569624645,0.029103333500143127,0.02773444989051023,0.027169227884920946,0.03152042816243504,0.03738886200131766,0.032205759699978936,0.03711209617857043,0.03058713322537859,0.02661804611323893,0.02835541308869345
2021-03-01,0.02843910887689673,0.029250940693249784,0.03314269252605215,0.03171780345234353,0.03583611465496638,0.029820428076337786,0.026016898149795378,0.0478961578925889,0.050773608798456625,0.030548921620768738,0.037413452138174125,0.05128237568522756,0.03760795410241625,0.03127525162536935,0.026872072499216436,0.03353897880829442,0.026200073317104652,0.031001597349235025,0.03083589760815467,0.038284962005047114,0.029323245186509323,0.028689592659566117,0.026189915203267758,0.03405130222587503,0.04020071736012598,0.03326450508670131,0.035362460011758294,0.03141963822802624,0.025199154317835246,0.028544224169348622
2021-04-01,0.02795041712817995,0.031692609846148356,0.031471007820422496,0.030438844346523938,0.037356543763204596,0.029349165221728285,0.026405444994505454,0.045948702271661084,0.0531631320871114,0.0328156071854246,0.0380447709113631,0.051782347879769736,0.03781312227221987,0.03403255150722451,0.024393067665778347,0.042231413994079516,0.02465672269101421,0.03276556154615715,0.02820585523466076,0.03653648680580705,0.03543179758110356,0.03028454083184353,0.025534297451648504,0.03284888029469682,0.037681382391624434,0.030166860435606135,0.029381618115322194,0.025452525512216884,0.028223163301163645,0.02794160261492212
2021-05-01,0.025678053177845248,0.0311588654743801,0.032641577360690406,0.03385113451194661,0.03540270024309652,0.032026509835214094,0.02635560959421841,0.058965344344328645,0.05341250002424114,0.03007966750535998,0.03730396848742921,0.045156398544533204,0.036484296876829345,0.03781159368761898,0.028778670620201164,0.03587861028814335,0.024628724137247246,0.030016852857191655,0.027458755539017474,0.03389960970521964,0.034868019439343916,0.031626809984325786,0.024878169483797664,0.03352031600037699,0.035483993028888494,0.031628247219689855,0.03406060831411667,0.02570299915610019,0.024067636972566767,0.027173795910015112
2021-06-01,0.024694561992179263,0.03145900800673648,0.03382689394056797,0.02902053648869347,0.03592569980243541,0.03415921707778718,0.026328000954982608,0.045420408569690256,0.05770997280687696,0.03274656315475251,0.0345709408699262,0.044192468589453984,0.03799003377613245,0.04136389045402257,0.025825598960121474,0.03764398912099576,0.02265281914215949,0.02972240914882283,0.029892887759276413,0.03385752317015872,0.03236393790240541,0.029329258445274047,0.028911795939384685,0.032932280100919684,0.03844613505884854,0.032550457118060254,0.03382604104476144,0.028143415478707263,0.026393628013179158,0.02809966911345419
2021-07-01,0.025343862012369076,0.03843818052203825,0.030758776307711143,0.029303488460591602,0.03542460465453905,0.029187536737905237,0.024384697236423263,0.042628587241554015,0.06926699881229152,0.02717883398633469,0.03563801874572099,0.04412856193136443,0.036119306089384906,0.03839375846995618,0.02868973721707533,0.03486850622020246,0.025935545914480225,0.028183108313850642,0.02844028429879906,0.03275092864966937,0.029896946145495786,0.028600465353143395,0.029221297373172594,0.029828927450373695,0.037042076429021235,0.03188008913477212,0.03751324522048991,0.03307585487246211,0.028662970478689005,0.029214842352770307
2021-08-01,0.0273972523120171,0.03266611007068341,0.03270367208485291,0.029574434708142392,0.036530939795982056,0.03279836878580886,0.025220463528498032,0.04453449196521645,0.07119314186013886,0.026538827249379917,0.036228964240159665,0.04395975666904004,0.03956732008188406,0.042344976286186234,0.027382072685373442,0.030813713493608983,0.02515660050612326,0.02896629478695376,0.028643432853168973,0.03668721736382658,0.027324600955558435,0.028908555555183475,0.023294063748043273,0.03422892280793357,0.034930446644740126,0.030878638062695755,0.03770968479182676,0.02674265211343626,0.026631435451628726,0.030442976873263576
2021-09-01,0.025408794770245886,0.03153636007189581,0.03684703964424576,0.030177967512996055,0.03631313585478646,0.03280838562634647,0.02559171657084171,0.04213649835207142,0.06740905448783731,0.02669054294247836,0.03899208655479859,0.04341749914103922,0.0356507174082306,0.03643224912152389,0.027595071450804497,0.03310199045566408,0.025559210377106432,0.028098183249847364,0.029054829161383786,0.03425908528204536,0.028165160724405842,0.03295277304979277,0.02525037771390377,0.03335750673132834,0.03816678463618717,0.033622472011772195,0.04047694506050999,0.02766796975236184,0.025413372554771115,0.02784625555678394
2021-10-01,0.0248902274044947,0.028631782124331786,0.03469763189150767,0.03413317336320033,0.033362466288609845,0.03763130394768287,0.026190518263938575,0.04595380160309043,0.0571059488525486,0.028690384430358346,0.040080667526163315,0.047490491111374454,0.03861528727214648,0.037554274561064624,0.027202536352921414,0.033057237724558666,0.025624912913685082,0.03114925588571621,0.030047182453728397,0.03425276543198508,0.028306189719926912,0.03037855025052813,0.027265936224853342,0.03407554084016576,0.036668693511049275,0.02856300607029545,0.03539527992921531,0.02548790704704037,0.028498135606083372,0.028998943814924853
2021-11-01,0.027441486971229622,0.030505022628633076,0.03469330888176106,0.032270354034055856,0.03475021684449936,0.03163280277724632,0.024983572249285383,0.04421891088882261,0.05373006472498763,0.03017690262857301,0.03996162564004964,0.05461893899343169,0.0415140097962754,0.03203411729167377,0.028866873428702724,0.035212014356343274,0.02371105516217803,0.0282942308786456,0.02996878164400893,0.03561437063588768,0.027613763525227684,0.03240863745839697,0.02710131118035575,0.029874376990170457,0.03898266107151824,0.03579387947732259,0.033401758332105645,0.025902902127305154,0.024514660940597927,0.030207427099254752
2021-12-01,0.028053398873193882,0.029011322554010198,0.032329428186759324,0.03207166447224167,0.037507827423506127,0.03110968703710537,0.025554514831439397,0.050099778588404933,0.05785602974233778,0.028853606328817675,0.03962994534079619,0.04262159860793372,0.04105436822426738,0.03372372660728025,0.026092020083062172,0.039299592969111646,0.026430449267624584,0.03086775938777672,0.027354359042777984,0.032834242758642496,0.029355549605961692,0.030260863756485134,0.02842807188933167,0.032106866453939426,0.03690784486432916,0.032461945730273424,0.032406129800225905,0.027713868469067968,0.02812711723485938,0.029876459913474714
